image_name,x_0,y_0,z_0,x_1,y_1,z_1,x_2,y_2,z_2,x_3,y_3,z_3,x_4,y_4,z_4,x_5,y_5,z_5,x_6,y_6,z_6,x_7,y_7,z_7,x_8,y_8,z_8,x_9,y_9,z_9,x_10,y_10,z_10,x_11,y_11,z_11,x_12,y_12,z_12,x_13,y_13,z_13,x_14,y_14,z_14,x_15,y_15,z_15,x_16,y_16,z_16,x_17,y_17,z_17,x_18,y_18,z_18,x_19,y_19,z_19,x_20,y_20,z_20,x_21,y_21,z_21
frame_000,0.0,0.88795507,0.0,0.059138995,0.8074197,-0.024640882,-0.05804972,0.80194175,-0.027558887,-0.0017452082,1.0186706,-0.019057125,0.20326462,0.4914941,0.13700658,-0.22848895,0.47613734,0.101572596,-0.01250484,1.0782222,0.1062077,0.2760046,0.07103304,0.09450257,-0.2548658,0.06916836,0.044691775,-0.01701716,1.102016,0.15505192,0.3406767,0.023466693,0.21273434,-0.3315187,0.016631804,0.15317288,-0.02482589,1.2501608,0.3177149,0.05466314,1.1849139,0.2370231,-0.1014034,1.1836532,0.24036533,-0.02766905,1.2548825,0.40493736,0.16507344,1.1510795,0.2839604,-0.20396966,1.1431793,0.27959412,0.20702681,0.92564386,0.2257397,-0.21801859,0.8971691,0.20496956,0.19612521,0.656958,0.29618818,-0.18204549,0.6265243,0.24958566
frame_001,0.01376706,0.88337827,0.0007810781,0.07343773,0.8087315,-0.028294832,-0.04399601,0.803675,-0.031030525,0.0112023065,1.015384,-0.012460397,0.22214486,0.48874503,0.14510174,-0.22289823,0.47851953,0.09790808,0.0008071428,1.064699,0.11671764,0.28668508,0.07549398,0.10969789,-0.2550584,0.074688256,0.043557838,-0.0039367266,1.086236,0.16738577,0.35120118,0.027713815,0.2286487,-0.33498687,0.016884822,0.15414773,-0.008226078,1.2219454,0.33534965,0.07046157,1.1600988,0.25240824,-0.08748104,1.1626644,0.2547331,-0.013489233,1.2248403,0.4216662,0.17845906,1.1220528,0.29919282,-0.18844062,1.1189398,0.29328063,0.22142595,0.8949337,0.24357958,-0.20442264,0.8691841,0.2157873,0.20150301,0.6152487,0.30902162,-0.17411008,0.5941713,0.24450311
frame_002,0.027092526,0.8801704,0.00028683856,0.08608816,0.8050066,-0.033050854,-0.031699993,0.8003219,-0.0348987,0.026291007,1.0121517,-0.006720731,0.22981608,0.48557368,0.14585921,-0.20767458,0.48118344,0.09446106,0.019285368,1.05297,0.12644531,0.28997767,0.06791389,0.10972827,-0.24731497,0.08057174,0.034621183,0.016636249,1.0697997,0.17468077,0.35096753,0.024379758,0.23189723,-0.3306499,0.022235932,0.14775762,0.013921581,1.1978569,0.34346908,0.09034084,1.13869,0.26046383,-0.06526214,1.1457542,0.26404065,0.011265259,1.2014347,0.4291356,0.19486614,1.0923471,0.30536145,-0.16819431,1.100123,0.3008926,0.23848403,0.854925,0.24888262,-0.19208252,0.84840727,0.22367688,0.21339163,0.5874941,0.3084306,-0.16502225,0.57829726,0.25048468
frame_003,0.039229527,0.8757672,-0.0009874704,0.09868322,0.8019868,-0.035542447,-0.01871119,0.79658175,-0.037650757,0.037323505,1.0073152,-0.0074625434,0.24781686,0.48774093,0.15005131,-0.20633422,0.48561653,0.09565927,0.02928014,1.038925,0.13160521,0.30298358,0.070013374,0.11338017,-0.2572443,0.08371684,0.042525332,0.02686499,1.0519265,0.17952763,0.36520267,0.025503235,0.23426272,-0.34470123,0.02504038,0.15124477,0.02324329,1.1664509,0.36054817,0.10016583,1.1132059,0.27330092,-0.055878393,1.1212513,0.2759604,0.01949621,1.1600912,0.44768402,0.19923688,1.0596988,0.32338122,-0.1561397,1.0720994,0.3173624,0.24364823,0.8212418,0.26605573,-0.1833492,0.8210261,0.23980159,0.20943777,0.5475935,0.31120002,-0.15642224,0.55026996,0.2648533
frame_004,0.04891701,0.8751066,-0.0021586807,0.10768221,0.80079085,-0.039912544,-0.010147065,0.79662806,-0.041846186,0.04745944,1.0080686,-0.00401311,0.25717697,0.48797172,0.14916871,-0.19727458,0.48511973,0.0921287,0.041525614,1.0281231,0.13842395,0.30489624,0.07092357,0.113955334,-0.24769829,0.08364221,0.04272855,0.04008025,1.0368476,0.18630232,0.36723977,0.025890935,0.23401918,-0.3353145,0.025868746,0.14948148,0.037939973,1.137284,0.3790376,0.11388463,1.0896158,0.28619882,-0.04172288,1.1000866,0.2899435,0.035614725,1.1210814,0.46680155,0.21044518,1.0330522,0.33838332,-0.14005537,1.0504826,0.33291766,0.25545752,0.7939681,0.28059152,-0.17318371,0.7992636,0.25465834,0.21618389,0.51693535,0.3207741,-0.14123176,0.52308,0.2741166
frame_005,0.054853145,0.8735522,-0.0028158673,0.1143183,0.8008914,-0.042633753,-0.0047192574,0.7970192,-0.045212366,0.05255414,1.0083603,-0.002275777,0.26513538,0.49217832,0.1596136,-0.19533744,0.48870715,0.094538234,0.04669443,1.0171827,0.14282592,0.30883044,0.075914115,0.120324455,-0.24578989,0.085575595,0.05007947,0.044801816,1.0234318,0.19406858,0.3716085,0.026611095,0.23729706,-0.33008862,0.025830645,0.15560718,0.042913157,1.1099191,0.39455852,0.11915325,1.0684566,0.29698497,-0.037077207,1.0785974,0.30203807,0.03909587,1.0881453,0.48163185,0.21337868,1.0070326,0.35072273,-0.13349418,1.0255182,0.34822094,0.26188505,0.76681113,0.28995052,-0.16878821,0.77675027,0.26879197,0.22011726,0.48701596,0.3256621,-0.13285312,0.4989586,0.28618225
frame_006,0.05723253,0.8701021,-0.003760426,0.11712369,0.7976823,-0.04591718,-0.0024793446,0.79497594,-0.049643338,0.054518715,1.0045164,0.00058131036,0.26694405,0.4929882,0.16505,-0.19604477,0.487473,0.09680777,0.048589107,1.0025917,0.14740197,0.30415967,0.07618405,0.12465449,-0.23904279,0.083780564,0.056872185,0.04720463,1.0062029,0.19987588,0.3666247,0.02637208,0.23969552,-0.3269088,0.023565378,0.16064976,0.047532342,1.0797379,0.4068597,0.122662656,1.0441,0.30621803,-0.033471525,1.0548544,0.31187847,0.045074917,1.0521029,0.49254665,0.21649879,0.9792267,0.35940483,-0.12824203,0.99764305,0.3572012,0.26710138,0.7414311,0.29399002,-0.16645892,0.7501835,0.2739687,0.2284196,0.46092385,0.3238299,-0.1308517,0.47158486,0.28581002
frame_007,0.056935627,0.86505586,-0.005522861,0.11689911,0.7955498,-0.050708514,-0.002517093,0.7926615,-0.053018138,0.053241655,0.9992945,0.003610326,0.269781,0.49244928,0.1652589,-0.1961072,0.4891103,0.1064341,0.048598543,0.9875224,0.1499875,0.30319554,0.079187825,0.11380798,-0.2337587,0.0838979,0.06887935,0.04784111,0.9884412,0.20374408,0.36561775,0.028689083,0.22835161,-0.31766602,0.02329888,0.17285515,0.05075859,1.0507319,0.41414046,0.12480222,1.0204453,0.3107089,-0.031182852,1.0302339,0.3180672,0.050012104,1.0191605,0.4947574,0.2170299,0.95351124,0.36133862,-0.12308219,0.97162384,0.36434528,0.27088025,0.7174586,0.29373,-0.16572504,0.72525513,0.2844368,0.23166049,0.43838102,0.31933907,-0.13058697,0.4496531,0.29581195
frame_008,0.05393759,0.8569365,-0.007617714,0.11436562,0.78942555,-0.056814373,-0.004844602,0.7864979,-0.057647146,0.048300806,0.990801,0.007262664,0.27538398,0.4908314,0.16330566,-0.19442159,0.48385283,0.11142885,0.044303544,0.9668211,0.15277094,0.31176993,0.07674861,0.10958293,-0.22556022,0.07935708,0.07017286,0.0438021,0.9646924,0.20831335,0.37264472,0.027061619,0.22812876,-0.30772123,0.020338923,0.18061158,0.047802724,1.0112706,0.42315727,0.12084234,0.9889076,0.31707537,-0.034009285,0.9977673,0.32513613,0.047063466,0.97248614,0.500865,0.21249288,0.9190546,0.36526376,-0.12193731,0.9349196,0.37075928,0.270414,0.6869761,0.29307234,-0.16674805,0.6876612,0.29092968,0.23105428,0.4083979,0.31528562,-0.13286576,0.41442472,0.29827031
frame_009,0.04979908,0.8509239,-0.0100051835,0.109659,0.78564596,-0.061687034,-0.009284597,0.78297305,-0.06079848,0.043598384,0.9851556,0.008749774,0.27317587,0.4937824,0.16240978,-0.19986601,0.48339608,0.11376781,0.040779464,0.95136666,0.15169549,0.30791056,0.07753038,0.1054431,-0.22293738,0.07690185,0.07294307,0.041599862,0.9456996,0.20955017,0.36845675,0.02753933,0.225402,-0.30068076,0.01791257,0.18534502,0.047908917,0.978714,0.43022305,0.119453534,0.9628176,0.32016203,-0.035114396,0.97077954,0.33003503,0.046622425,0.9348648,0.5034802,0.20906368,0.8879311,0.36841527,-0.1195118,0.9028622,0.37642387,0.27081063,0.65714747,0.29320124,-0.16308114,0.65358245,0.29508272,0.22744484,0.379519,0.31527075,-0.12855351,0.3779195,0.30560452
frame_010,0.044777002,0.8426574,-0.0124392,0.10448846,0.77826625,-0.06781205,-0.01431945,0.77608263,-0.06454851,0.03832192,0.9765104,0.01088779,0.2723542,0.49042377,0.16252871,-0.20725194,0.48460522,0.12356689,0.036482397,0.9327023,0.15349026,0.3064076,0.07705044,0.09951634,-0.22491387,0.07897668,0.082311705,0.037827037,0.9229493,0.21093161,0.36911187,0.027744608,0.21849774,-0.30325487,0.021021904,0.19459257,0.044679314,0.94374204,0.4363332,0.11552194,0.93339163,0.32402998,-0.038260046,0.94257915,0.33533302,0.043348536,0.89449376,0.50924146,0.2018535,0.8527049,0.3705317,-0.11897877,0.8702667,0.3819618,0.26417133,0.62348944,0.29506764,-0.16142973,0.6193734,0.29798412,0.218641,0.34653592,0.31480116,-0.1251896,0.34617192,0.3082694
frame_011,0.03964108,0.8344181,-0.014152716,0.09833589,0.77060163,-0.07295425,-0.019904166,0.76973945,-0.06610837,0.033215243,0.9680542,0.012612433,0.27364346,0.48816404,0.15964203,-0.21567875,0.48636222,0.13574204,0.032682516,0.91623867,0.15273188,0.30230555,0.07775496,0.090254635,-0.22864363,0.079779744,0.09373204,0.034133025,0.90332,0.2089864,0.37214926,0.028712995,0.20371431,-0.3031361,0.021079093,0.20683725,0.040942214,0.9134626,0.43675485,0.11204013,0.90765285,0.32348004,-0.04156972,0.9176663,0.33590555,0.04147633,0.86116004,0.5059038,0.19409558,0.821491,0.3680979,-0.119746014,0.84266096,0.3821631,0.25859526,0.59326917,0.2942405,-0.16036405,0.58943266,0.3007673,0.21308933,0.31803554,0.31803122,-0.12267925,0.31793743,0.31456718
frame_012,0.034830537,0.8236829,-0.014988766,0.09322557,0.7607677,-0.077282116,-0.025032718,0.76067543,-0.06726939,0.028277956,0.9575619,0.015175805,0.27506578,0.48602533,0.16321823,-0.22282466,0.48710203,0.15345004,0.02808294,0.89723945,0.15395339,0.30024648,0.07598069,0.09151268,-0.22936496,0.08190307,0.10235562,0.029508991,0.8814712,0.20961338,0.37648034,0.02827975,0.20169637,-0.30256346,0.022430416,0.21627674,0.03497594,0.8820959,0.43773744,0.10669497,0.88099277,0.32412308,-0.046713393,0.8908207,0.33750933,0.035484184,0.8263929,0.5056617,0.18623148,0.7908559,0.3671642,-0.12301187,0.8127068,0.38369668,0.25091663,0.5642062,0.29444712,-0.16292234,0.55902624,0.3052856,0.20391718,0.2891078,0.3171821,-0.122213975,0.29093283,0.31843713
frame_013,0.031358425,0.8125036,-0.015245587,0.088742405,0.7509859,-0.079796605,-0.028780896,0.7508914,-0.06868511,0.025308685,0.9445854,0.018568512,0.27474925,0.48471028,0.16091254,-0.23156655,0.48883325,0.16223127,0.02520845,0.87813056,0.15487215,0.3011691,0.075169936,0.083176516,-0.23058978,0.08007749,0.108267315,0.02702251,0.8601746,0.2095296,0.38050368,0.02917993,0.19037229,-0.30525836,0.023852883,0.22210906,0.03398017,0.85106766,0.43994933,0.10509038,0.85441554,0.32509395,-0.048298705,0.86497545,0.3393571,0.03521333,0.79312485,0.50374484,0.1827931,0.76074994,0.3672824,-0.12364417,0.7856427,0.3846068,0.24623895,0.534411,0.29967722,-0.1671212,0.5321489,0.30727082,0.20122163,0.2591592,0.3222478,-0.12536156,0.2623093,0.31742278
frame_014,0.028691638,0.80656636,-0.015379669,0.08543747,0.7475865,-0.08029575,-0.031141642,0.7476878,-0.06886589,0.022412563,0.9374078,0.020691892,0.27936915,0.48663273,0.16075152,-0.23466007,0.4902378,0.16773796,0.021879721,0.8633529,0.15263109,0.30255914,0.074573636,0.08205927,-0.2310478,0.078769326,0.11396819,0.023191568,0.84525055,0.20859616,0.38607585,0.028998105,0.18680798,-0.30481097,0.02263431,0.22766523,0.030046048,0.83002627,0.437703,0.10125019,0.83593535,0.32322654,-0.051864978,0.84595454,0.33711144,0.03164316,0.77163637,0.50113654,0.17871173,0.74034697,0.36644807,-0.12728275,0.7640942,0.38243806,0.24067925,0.515792,0.30101117,-0.16851114,0.5100225,0.30825865,0.19435593,0.2424314,0.32310146,-0.12511794,0.24269003,0.31356373
frame_015,0.02718079,0.8014161,-0.015683554,0.08318052,0.7453356,-0.08171719,-0.03309253,0.7439071,-0.07042138,0.022212448,0.9285555,0.023027498,0.27718437,0.4819576,0.15955612,-0.23418012,0.48685586,0.17055306,0.02205646,0.8515553,0.15149397,0.3036849,0.07323149,0.07881263,-0.22708794,0.07733293,0.112872906,0.02450588,0.83092827,0.20409581,0.389,0.029172158,0.18208888,-0.30087423,0.021260716,0.22729546,0.031121885,0.8081552,0.43227294,0.10310713,0.81809074,0.32045984,-0.051756434,0.8282211,0.33123842,0.03496683,0.7473943,0.48977432,0.18160196,0.7217613,0.36451608,-0.12593058,0.7442823,0.37427709,0.24505246,0.5000207,0.30410704,-0.17198573,0.49110568,0.30471125,0.1979291,0.23078626,0.3241825,-0.13144845,0.22608429,0.31232166
frame_016,0.026724203,0.8013717,-0.015984263,0.082301326,0.747902,-0.083170965,-0.033782102,0.745836,-0.07096756,0.021856148,0.9259267,0.025064703,0.27788344,0.47994384,0.1530392,-0.232796,0.48907948,0.17231159,0.021724546,0.8431705,0.15106396,0.30495128,0.07259056,0.07447527,-0.22459315,0.07889908,0.11297083,0.024303935,0.8204956,0.20122364,0.39253655,0.029133463,0.17596385,-0.2954487,0.021761853,0.22928771,0.03140855,0.78937465,0.42848903,0.10348991,0.8034112,0.3171605,-0.052331872,0.8132482,0.3284426,0.035917036,0.724834,0.48116186,0.18371332,0.70668405,0.36065602,-0.1268626,0.7290009,0.37176204,0.24618779,0.48943454,0.30048576,-0.18005374,0.47976607,0.30127305,0.19560015,0.22208774,0.32238248,-0.13205227,0.21645659,0.30714032
frame_017,0.026221415,0.7996439,-0.016160928,0.08108043,0.7480197,-0.08379966,-0.033535823,0.74598515,-0.07176097,0.021443333,0.922529,0.027387504,0.2769343,0.4729789,0.14013505,-0.23509054,0.48913375,0.17360553,0.019897003,0.8371111,0.1488277,0.3098024,0.06971031,0.06671848,-0.22633262,0.07823289,0.119514264,0.021553801,0.8147949,0.19998562,0.40094155,0.026640845,0.16583028,-0.29640695,0.019910756,0.23530379,0.02626638,0.77818954,0.42599794,0.099851646,0.7955251,0.3145756,-0.0564828,0.803291,0.32567716,0.029870005,0.7129284,0.47701994,0.18109651,0.69835967,0.3579837,-0.13230158,0.7168855,0.3704741,0.24250282,0.48565793,0.29651856,-0.18447083,0.47055978,0.29880643,0.18782021,0.21953052,0.32064334,-0.12746064,0.20824617,0.3082514
frame_018,0.025703592,0.7983952,-0.016263919,0.080126114,0.74696296,-0.08411752,-0.034212396,0.74481106,-0.07215544,0.021232087,0.921667,0.027668381,0.27520388,0.4659559,0.12872754,-0.23614024,0.48628014,0.17231229,0.01976309,0.83586526,0.14738263,0.3150555,0.06688563,0.06551811,-0.22793297,0.07543379,0.121977076,0.02168727,0.8137046,0.1970566,0.40819207,0.025220675,0.16550757,-0.29858667,0.018694764,0.23960735,0.02729152,0.77493066,0.41906258,0.10053986,0.7936502,0.3089783,-0.056006417,0.80051666,0.32079178,0.031828545,0.70997566,0.46879515,0.18421055,0.697642,0.34879017,-0.13178596,0.714146,0.36412808,0.23860632,0.48880774,0.28540325,-0.18502988,0.4689849,0.29350087,0.18156336,0.22129524,0.30584005,-0.12404239,0.20990252,0.30538443
frame_019,0.025217863,0.796155,-0.016093003,0.078795515,0.7428091,-0.083204344,-0.036019363,0.74139726,-0.070922896,0.022290597,0.9203192,0.02681979,0.26965392,0.45905453,0.12465918,-0.24068996,0.48662764,0.17120427,0.021557093,0.834326,0.14673726,0.31727916,0.06689101,0.059470102,-0.23034748,0.074694306,0.123796955,0.02373392,0.81327844,0.19697547,0.4056892,0.02402218,0.16364948,-0.30286598,0.019583425,0.24038254,0.030261504,0.7734884,0.41692284,0.10259545,0.7928525,0.30663094,-0.052818805,0.7990675,0.32048294,0.037161667,0.70697445,0.4681396,0.18892716,0.7006624,0.34224057,-0.12968007,0.71379316,0.36319134,0.23892514,0.49195647,0.27689013,-0.18144919,0.4698735,0.29331347,0.18123786,0.22494489,0.29249042,-0.119906425,0.21036553,0.30267003
frame_020,0.024546906,0.7967355,-0.015851757,0.07782127,0.74310565,-0.08204576,-0.037133023,0.7422271,-0.06899166,0.02208202,0.920981,0.024610193,0.26614952,0.4563125,0.123029344,-0.24062519,0.4849179,0.17736977,0.022512212,0.8375524,0.14488254,0.31936395,0.06758714,0.051167846,-0.23064257,0.07549348,0.12725024,0.025138246,0.81817496,0.19507068,0.40428042,0.02454419,0.15817326,-0.3012895,0.020161357,0.24323075,0.03286908,0.7808305,0.41156355,0.104469456,0.7985141,0.30217913,-0.050230414,0.80501115,0.31753194,0.041210543,0.7172479,0.46450377,0.19119246,0.70886064,0.33473238,-0.12838982,0.72136086,0.36004245,0.23928663,0.49964935,0.26759425,-0.17816897,0.4783104,0.28972682,0.18144219,0.2338121,0.28454643,-0.11713195,0.21903718,0.30024353
frame_021,0.02382119,0.80006766,-0.01559532,0.07660607,0.7451704,-0.08092669,-0.03953909,0.7446419,-0.06805185,0.023955034,0.92419875,0.022621818,0.26686713,0.4559417,0.12359609,-0.24140583,0.4827049,0.17951894,0.026465675,0.8453703,0.14579484,0.32518107,0.06993666,0.043704078,-0.23105739,0.07479964,0.13111797,0.029532216,0.82632756,0.19492303,0.40885073,0.02472604,0.15523914,-0.301072,0.018815652,0.24847147,0.038883135,0.7932289,0.40965578,0.11009185,0.8089326,0.3018784,-0.044749185,0.8158636,0.3164649,0.049061216,0.73248655,0.4634194,0.19765727,0.72096944,0.33243904,-0.12356664,0.7342187,0.35908747,0.24003322,0.5100164,0.25887153,-0.17196648,0.49171585,0.28471288,0.18339308,0.24369848,0.27504078,-0.11659743,0.23056293,0.29570442
frame_022,0.02342808,0.80395216,-0.016062127,0.076195516,0.74785876,-0.08062318,-0.041330248,0.74737775,-0.06703635,0.02437405,0.92967755,0.019478118,0.2671765,0.4530023,0.12018758,-0.24119025,0.48288116,0.17930874,0.028597858,0.8558141,0.14510387,0.3236233,0.0706002,0.035291642,-0.23678237,0.075512946,0.13778527,0.032198988,0.8377128,0.19432732,0.40786317,0.024881741,0.14711112,-0.31000072,0.019600237,0.25654045,0.04530991,0.81143755,0.40776864,0.11490529,0.82357883,0.29981753,-0.040387772,0.8314146,0.31643456,0.05532439,0.75337297,0.46398103,0.20272866,0.73594874,0.32970113,-0.12006688,0.75112593,0.36007175,0.24196418,0.5215508,0.25403175,-0.16681717,0.50758934,0.28424194,0.1860997,0.25338352,0.27700767,-0.11244947,0.24405545,0.29974955
frame_023,0.023418821,0.80728483,-0.017362671,0.07452968,0.74766475,-0.08011098,-0.042694353,0.7477271,-0.06678339,0.02663695,0.9362687,0.013682922,0.26912773,0.45146364,0.11645517,-0.24487457,0.4823944,0.17553559,0.032788794,0.8702099,0.14158024,0.32758385,0.07052675,0.027203737,-0.2415843,0.072677724,0.14704372,0.036919437,0.8543474,0.1912377,0.41524807,0.024061631,0.13905461,-0.32001543,0.01810597,0.26449716,0.05226793,0.83986986,0.40463236,0.120128274,0.8462678,0.295685,-0.03379019,0.85506064,0.31343412,0.06310633,0.78580284,0.46588358,0.20800054,0.7585513,0.32655737,-0.11364595,0.775526,0.3599154,0.24289498,0.53996897,0.2516732,-0.15785813,0.5304707,0.2865173,0.18525875,0.270356,0.28732622,-0.10187992,0.26625168,0.30529574
frame_024,0.02453127,0.8084134,-0.019455777,0.075314745,0.745349,-0.08040813,-0.042498358,0.74581015,-0.06719494,0.028801102,0.9400518,0.007200772,0.27012333,0.45092,0.114966884,-0.24474213,0.4812056,0.171089,0.036699586,0.88323206,0.13886108,0.32928744,0.06891469,0.022033336,-0.24191293,0.070484795,0.15597972,0.041183345,0.87209904,0.19128603,0.41977146,0.021519233,0.13182585,-0.32620507,0.018288892,0.27033538,0.059364125,0.8736951,0.4065561,0.12589367,0.8717221,0.29540756,-0.02766358,0.88157773,0.31520188,0.070832096,0.82161725,0.47354886,0.21413341,0.78561205,0.32807788,-0.107353084,0.80500776,0.36555436,0.2395407,0.5598191,0.2530453,-0.14347154,0.5539842,0.2900419,0.17774783,0.2826712,0.29796702,-0.0855681,0.2867192,0.31250542
frame_025,0.026885565,0.8129574,-0.022418302,0.07659295,0.7459841,-0.080847144,-0.04170784,0.74767345,-0.06554119,0.032674044,0.9464179,-0.001652386,0.27016178,0.45227364,0.11505903,-0.24434328,0.47805572,0.16362368,0.044884235,0.8966849,0.13558295,0.328673,0.072813936,0.025702875,-0.25008032,0.0663279,0.16810283,0.05018094,0.8873957,0.19017917,0.42029026,0.025703708,0.1331825,-0.3403523,0.017019484,0.27796283,0.07051553,0.89946944,0.40867257,0.13542986,0.89201444,0.29516003,-0.016641203,0.90339506,0.3167317,0.08482627,0.8441563,0.48246738,0.22323051,0.8062789,0.32976773,-0.09587811,0.8287737,0.37069446,0.24170126,0.576142,0.2505507,-0.12654933,0.5769502,0.29105327,0.17711535,0.30018073,0.3022662,-0.06966993,0.30606908,0.30968118
frame_026,0.031279888,0.8175079,-0.025393646,0.08036438,0.7483839,-0.08163929,-0.038113844,0.75032085,-0.06489753,0.036787078,0.952114,-0.009689668,0.27877748,0.4549226,0.111517295,-0.23843521,0.47734377,0.15805098,0.051126447,0.9093076,0.13010432,0.3375046,0.07287125,0.02271812,-0.2583061,0.06620576,0.18014388,0.05736412,0.90322113,0.18683477,0.43167004,0.025975369,0.1271199,-0.34848103,0.019303178,0.2886769,0.08120747,0.92518735,0.40481743,0.14406261,0.91246533,0.29027507,-0.007380154,0.92470545,0.31458223,0.098281994,0.8696108,0.48462644,0.23243439,0.82998747,0.32663167,-0.08607499,0.8537332,0.3720744,0.24589868,0.59691995,0.2504154,-0.11122745,0.59987885,0.2948573,0.17539282,0.31873786,0.31172362,-0.052600775,0.32729852,0.3168939
frame_027,0.03829406,0.8250744,-0.028692452,0.086186334,0.7539458,-0.08433544,-0.03232972,0.75573087,-0.06608402,0.04321525,0.96106136,-0.015236639,0.28141484,0.4576187,0.10738833,-0.2314141,0.4788984,0.14571208,0.061720602,0.9273585,0.12731484,0.32901523,0.07240006,0.015931485,-0.27365887,0.06541182,0.18097606,0.06951147,0.9233217,0.18345982,0.42484096,0.026506685,0.120344415,-0.3661066,0.019564282,0.29093677,0.09877221,0.9588965,0.3989508,0.1580365,0.94001555,0.28359658,0.007938866,0.95274854,0.3108102,0.11737248,0.9115392,0.4827319,0.24847423,0.8619386,0.31896052,-0.07050674,0.88475156,0.37003583,0.2538185,0.62849975,0.23765811,-0.09375207,0.6296867,0.2912276,0.17866212,0.35121912,0.2993745,-0.031435598,0.35501838,0.30626586
frame_028,0.04907424,0.8317444,-0.032208007,0.094898626,0.75911176,-0.08652879,-0.022348024,0.7609286,-0.06658921,0.054150265,0.9670218,-0.022574367,0.28405306,0.46081242,0.10680364,-0.2213602,0.47928336,0.13198267,0.07662619,0.94171673,0.122510314,0.3201873,0.074761294,0.018071339,-0.28439063,0.06846906,0.1759413,0.08633618,0.939391,0.1778201,0.41647783,0.028999956,0.12056039,-0.37931004,0.021818643,0.28437668,0.12088139,0.98659897,0.39046326,0.17693931,0.9624722,0.27455047,0.027412184,0.9750517,0.30537003,0.14099967,0.9493033,0.47281763,0.2697031,0.88688266,0.30797616,-0.05102127,0.9089391,0.36464146,0.27319977,0.6545839,0.22370715,-0.07801784,0.6548001,0.28505537,0.19133613,0.37750256,0.28589258,-0.010507427,0.38041484,0.30006394
frame_029,0.063787684,0.83948845,-0.035181783,0.107835,0.7650895,-0.087788045,-0.008862935,0.76647174,-0.06570202,0.069685064,0.9752741,-0.029252507,0.28947705,0.46201295,0.11111269,-0.20491122,0.48343617,0.12805942,0.09528378,0.9567672,0.117597975,0.30715215,0.073971,0.025492243,-0.2828136,0.07588388,0.18032306,0.10483199,0.9565545,0.17286566,0.40459335,0.026391659,0.12535858,-0.3799256,0.02451637,0.28841957,0.13919307,1.0137703,0.38167307,0.19509345,0.9852802,0.26628488,0.046223104,0.997315,0.29824886,0.15852991,0.98475677,0.46421146,0.29000658,0.9137891,0.29970995,-0.032760248,0.9323918,0.3595249,0.28997934,0.68274283,0.20881966,-0.057972714,0.6763532,0.2840447,0.20072006,0.4057045,0.26644954,0.014735263,0.4038257,0.2957171
frame_030,0.0810679,0.8475482,-0.03822959,0.12329464,0.772232,-0.08747668,0.0076096356,0.7720178,-0.06632234,0.08825117,0.98313475,-0.03543775,0.29217604,0.4651059,0.10851146,-0.19033036,0.49084365,0.12018596,0.114512354,0.9730748,0.109670654,0.2977122,0.07382712,0.016825859,-0.2796213,0.078909695,0.17554773,0.12502319,0.9755384,0.16686864,0.392048,0.026974674,0.11817758,-0.37451068,0.025712447,0.28326064,0.16074735,1.0418241,0.37466243,0.2149559,1.0088404,0.2578436,0.06754477,1.021057,0.29091203,0.1809141,1.017503,0.45656264,0.31251532,0.93975836,0.29102263,-0.012657784,0.95829177,0.35419828,0.312798,0.70879066,0.19849175,-0.03995443,0.7048078,0.28442156,0.22361359,0.4323287,0.2558589,0.03604596,0.43080056,0.2977943
frame_031,0.09822422,0.8567234,-0.042669576,0.14086613,0.7795977,-0.088147484,0.024513677,0.77977514,-0.069078,0.10511297,0.9904284,-0.043913234,0.29703152,0.46591306,0.10046245,-0.18013954,0.49787456,0.11574313,0.13064957,0.99127775,0.09914598,0.29351848,0.07228213,0.00637313,-0.28681394,0.08385171,0.17194872,0.14119755,0.9968467,0.15634993,0.38340232,0.026106007,0.114131555,-0.37481984,0.033265173,0.2885391,0.17813033,1.0762866,0.35597205,0.23171777,1.0374247,0.24390505,0.08358052,1.0504472,0.27520564,0.19597259,1.0590941,0.44146892,0.32976925,0.9703324,0.27835807,0.002203405,0.9895339,0.3400374,0.3263619,0.73619133,0.18573157,-0.023676962,0.7338228,0.27628464,0.23356476,0.46112567,0.2432696,0.055089824,0.46719372,0.30373448
frame_032,0.11233829,0.86770356,-0.048095103,0.15520106,0.7916478,-0.0913851,0.03923098,0.7918594,-0.073315114,0.11917553,1.0001454,-0.05225861,0.2988798,0.4672405,0.092892855,-0.16743149,0.49863222,0.10838102,0.145123,1.0125035,0.08838664,0.27768463,0.07325973,0.0086535625,-0.28472948,0.09102939,0.1617426,0.15607202,1.0208921,0.14452581,0.36501002,0.028058767,0.11532293,-0.37143254,0.042854674,0.2746112,0.19696572,1.1099513,0.34005302,0.24816902,1.0659038,0.22872302,0.10048089,1.0789849,0.26279262,0.21302149,1.0943656,0.4240708,0.35017812,1.0010802,0.26116568,0.019113168,1.0239773,0.32901952,0.34245038,0.76688004,0.17456357,-0.0055615157,0.7726279,0.27363893,0.25179893,0.4948019,0.23845425,0.071574196,0.50727004,0.3142954
frame_033,0.122155674,0.87603515,-0.053282447,0.16552809,0.8004415,-0.09569607,0.048533797,0.80082935,-0.079357386,0.12979221,1.0094788,-0.057527848,0.2959381,0.47132814,0.08719344,-0.15866944,0.5031134,0.107824795,0.15767764,1.0298538,0.079350255,0.26238373,0.074506134,0.009067133,-0.2739275,0.103002936,0.13602298,0.16982073,1.041334,0.1332207,0.34107932,0.029152125,0.11740533,-0.36137164,0.057052925,0.25036445,0.21578673,1.1416788,0.3186543,0.26430783,1.0919967,0.21060494,0.11677122,1.1058686,0.24723724,0.23044011,1.1353168,0.39905918,0.36766905,1.0309348,0.24228728,0.035272956,1.0562115,0.3153946,0.36006957,0.79259807,0.16609713,0.009365082,0.80546284,0.26669273,0.2747361,0.5255314,0.23464698,0.08476283,0.53981125,0.313398
frame_034,0.12784193,0.88566387,-0.057841018,0.17074817,0.809371,-0.10117211,0.05494909,0.8103738,-0.08236982,0.13633507,1.0189064,-0.06237743,0.2903571,0.47455844,0.06840177,-0.14200829,0.5114815,0.102839604,0.16587338,1.0444438,0.07090308,0.2572041,0.07154107,-0.005220223,-0.25166643,0.10419195,0.1023006,0.17886972,1.0586822,0.12485391,0.32779145,0.026204064,0.109647244,-0.3381307,0.057211272,0.21870302,0.22631699,1.16893,0.3049608,0.2742344,1.1151981,0.19800149,0.12656276,1.1279905,0.23718311,0.24398248,1.1682053,0.38599455,0.38035506,1.0579505,0.22875963,0.04377558,1.0794026,0.30801845,0.37446204,0.8159887,0.16114132,0.02146066,0.8293034,0.25587475,0.2869829,0.5577166,0.2316504,0.09295848,0.56665945,0.30689764
frame_035,0.12931399,0.89409345,-0.06319258,0.17195265,0.81753194,-0.105553366,0.057267867,0.8206792,-0.085709624,0.13783069,1.0272884,-0.06904873,0.28290904,0.47594202,0.053982623,-0.12397908,0.5093789,0.09711052,0.16779517,1.0569267,0.0632614,0.25539896,0.07021934,-0.02567454,-0.21029814,0.10158619,0.04833623,0.18068072,1.0737375,0.1164679,0.32297063,0.026265847,0.08866932,-0.2957695,0.05315116,0.16094846,0.22507258,1.1916822,0.29189107,0.27515328,1.1339271,0.18634531,0.12681061,1.1467297,0.22821733,0.24376908,1.1958804,0.37430447,0.38475692,1.0800133,0.21682641,0.042122617,1.0997076,0.3004985,0.3848276,0.8403569,0.15435597,0.023097612,0.8535782,0.24686268,0.3029552,0.5893967,0.22702792,0.09824239,0.59389514,0.29790944
frame_036,0.12612031,0.8977035,-0.068325,0.1700274,0.82036185,-0.11114959,0.054731652,0.8231652,-0.09242192,0.13339245,1.031771,-0.07400264,0.2801225,0.4804779,0.04447618,-0.109582946,0.4982264,0.0765423,0.16035897,1.0642788,0.059140593,0.265347,0.06684758,-0.030959941,-0.17312343,0.09322631,-0.008983966,0.17128186,1.0851189,0.1130088,0.33095524,0.025413452,0.08345339,-0.2565142,0.041955113,0.10086128,0.21243396,1.2106324,0.28460264,0.26396698,1.1486068,0.18034983,0.11469502,1.1612986,0.22298847,0.22899985,1.2193868,0.36702907,0.37524492,1.0978239,0.20879619,0.02609212,1.11472,0.2932309,0.3815623,0.8598741,0.1483443,0.009162813,0.86758363,0.23481302,0.3051283,0.60669947,0.21617909,0.08749691,0.59694624,0.27540493
frame_037,0.119506314,0.89891917,-0.073984504,0.16452676,0.8211928,-0.11611674,0.04986968,0.8223347,-0.10209155,0.12467606,1.0337756,-0.07907185,0.28114402,0.47818705,0.034252062,-0.1040761,0.48679426,0.053306267,0.15035428,1.0711696,0.055881485,0.28398782,0.06280278,-0.033152543,-0.1507277,0.0820716,-0.039065693,0.15939751,1.0921159,0.108503,0.34423333,0.024884038,0.08287734,-0.23078735,0.033838563,0.07126017,0.20154592,1.2258848,0.2784103,0.25346586,1.1610452,0.17501292,0.10380757,1.1732554,0.21844488,0.21719003,1.2395958,0.36345178,0.3687848,1.1127274,0.20419264,0.013441674,1.1255682,0.28776652,0.38346112,0.87880105,0.14783451,-0.009412855,0.8788769,0.22815385,0.30422157,0.6187975,0.20508248,0.07909389,0.60634184,0.25079426
frame_038,0.110685356,0.8953401,-0.07912474,0.15711212,0.8163133,-0.12077224,0.042144008,0.8168701,-0.107487865,0.113053374,1.0295509,-0.08477226,0.285325,0.47466588,0.035209432,-0.105341874,0.47820982,0.040177554,0.1370548,1.0720702,0.051769532,0.30389053,0.059625357,-0.0357665,-0.1478351,0.06943146,-0.055822913,0.14604487,1.0941104,0.10483701,0.36242872,0.023425095,0.08457091,-0.23157188,0.026002828,0.05982665,0.187211,1.2346674,0.2711511,0.23945284,1.1667633,0.16919073,0.089485094,1.1789833,0.21188688,0.20458686,1.2532791,0.35666507,0.35732156,1.1202399,0.19763061,-0.0027400702,1.1312985,0.28035742,0.38276145,0.89185905,0.14128527,-0.027850397,0.8845215,0.21860144,0.31069148,0.62868106,0.19594318,0.06179872,0.6035533,0.22784418
frame_039,0.1018305,0.897758,-0.08315597,0.14921492,0.81789947,-0.12356064,0.033743188,0.81877327,-0.112623975,0.103044234,1.0325971,-0.09011551,0.27443177,0.4750262,0.03216105,-0.11329521,0.47864848,0.03289517,0.12561724,1.0820622,0.04653453,0.2994386,0.059154596,-0.040961638,-0.1535017,0.062122744,-0.06417603,0.13435192,1.1060362,0.097956784,0.3593917,0.022435095,0.0783434,-0.24003871,0.022659387,0.052169897,0.1765268,1.2551033,0.25965518,0.22785637,1.1827018,0.16053376,0.07814075,1.1959454,0.20230508,0.19114165,1.2787899,0.34487766,0.34738,1.1370206,0.18790439,-0.01604189,1.1521016,0.2672192,0.37445664,0.91087806,0.12881744,-0.04534802,0.905769,0.19838488,0.30275327,0.640774,0.1677191,0.044449683,0.61657107,0.19162843
frame_040,0.09410652,0.89964634,-0.084227316,0.14270025,0.8187682,-0.12144645,0.027134493,0.8196828,-0.112950206,0.0940566,1.0337375,-0.09550347,0.27238417,0.47489554,0.033839926,-0.117908664,0.47989905,0.022013038,0.113910995,1.0898584,0.040780075,0.3006327,0.06031549,-0.0427623,-0.15433526,0.063334465,-0.07916365,0.12160386,1.1149595,0.090929694,0.36801425,0.024414668,0.07350869,-0.2405968,0.02193192,0.03943248,0.16060668,1.270666,0.24735102,0.21397519,1.1958762,0.1534661,0.0632146,1.2084326,0.19107762,0.17000285,1.2977107,0.33511218,0.3327985,1.1502609,0.18324137,-0.034201346,1.1676906,0.25316143,0.357837,0.92685896,0.1175567,-0.05884362,0.91994584,0.17752632,0.2864997,0.64407027,0.13898504,0.028427303,0.62533593,0.1626015
frame_041,0.08776944,0.90348035,-0.08202568,0.13836777,0.8221904,-0.114481434,0.023326397,0.8210383,-0.11216193,0.08785649,1.0370529,-0.09484986,0.2728096,0.47381076,0.034387782,-0.12001876,0.47785684,0.005168438,0.10374793,1.1017499,0.03869894,0.30528665,0.060459595,-0.046050176,-0.15684572,0.06675174,-0.100986175,0.10927067,1.1291951,0.08691618,0.37784475,0.024007276,0.06835273,-0.24053767,0.023503603,0.017916784,0.14483795,1.2951679,0.23446181,0.20006287,1.2157657,0.14748926,0.0489726,1.2280419,0.17894793,0.14697684,1.3301779,0.3221437,0.31921574,1.1740835,0.17841524,-0.053604774,1.1935036,0.23506835,0.33688155,0.95315087,0.10860346,-0.07801118,0.94793046,0.15941308,0.25910982,0.65818167,0.102515966,0.0039010718,0.64984286,0.13212626
frame_042,0.08209071,0.9055206,-0.07677271,0.13397235,0.824559,-0.106466904,0.017957292,0.8231742,-0.10823411,0.08141094,1.0395125,-0.09069196,0.27614284,0.47510493,0.037560143,-0.12782356,0.4782417,-0.0019166768,0.0947129,1.1105775,0.04076884,0.31029367,0.060303733,-0.04517591,-0.16666204,0.06689527,-0.106027886,0.09980958,1.1408447,0.08745723,0.38067344,0.023824744,0.070011266,-0.24838045,0.022621596,0.01595784,0.13313915,1.3150688,0.22571278,0.18951929,1.2313552,0.1451135,0.03746222,1.2441285,0.17186195,0.13258272,1.3569024,0.3107674,0.30964115,1.1917133,0.1778009,-0.069517545,1.2137849,0.22169277,0.32144198,0.9705001,0.10545384,-0.09937293,0.9707535,0.14401612,0.23644325,0.6688336,0.07655633,-0.024931796,0.67393136,0.113917775
frame_043,0.07656641,0.9078727,-0.0705625,0.12989874,0.82617444,-0.09588426,0.011678174,0.82492757,-0.102263935,0.07700758,1.0410094,-0.08812778,0.26877218,0.4750048,0.04645674,-0.1340835,0.47920284,-0.00652647,0.08614192,1.1200783,0.039761588,0.30493575,0.061580375,-0.040187314,-0.17079937,0.06831919,-0.103246905,0.09077208,1.1527933,0.08443712,0.37307107,0.02345883,0.076508835,-0.25749737,0.020978084,0.019417152,0.12656662,1.3355575,0.21390705,0.18157782,1.2458618,0.13939719,0.02903989,1.2624235,0.16289552,0.121789455,1.3803006,0.29888117,0.3008312,1.2069092,0.17742762,-0.08072922,1.2370552,0.20771076,0.3144877,0.9861225,0.10815902,-0.12380952,0.9940476,0.13433759,0.22204332,0.6805438,0.08038731,-0.056040913,0.6984815,0.114807695
frame_044,0.07154535,0.9114799,-0.06460377,0.12477172,0.82960314,-0.086148046,0.007923596,0.8284644,-0.09667438,0.071916975,1.0442386,-0.0836299,0.25674325,0.4748848,0.05179707,-0.1336473,0.4800576,-0.007306263,0.07831591,1.1294519,0.03646215,0.28996676,0.06418061,-0.03842186,-0.16423641,0.06784572,-0.09411563,0.082897335,1.1647364,0.07912036,0.35872144,0.024618693,0.0756593,-0.25416952,0.021899322,0.02628135,0.11744022,1.3532773,0.1982778,0.17293137,1.260031,0.13184309,0.020144232,1.2776172,0.14937347,0.111161344,1.4010113,0.2837138,0.2910577,1.2235157,0.17911747,-0.0907079,1.2568272,0.19243929,0.30840802,0.99929017,0.13334712,-0.14527605,1.0125258,0.13797623,0.20757979,0.6980117,0.12004898,-0.088635385,0.7270541,0.15410283
frame_045,0.06683825,0.91411173,-0.060388997,0.12115058,0.83140194,-0.07817459,0.0033118352,0.8295764,-0.092370704,0.06893196,1.04609,-0.08223848,0.25415468,0.47968906,0.06704517,-0.1407499,0.48089436,-0.004332166,0.07036667,1.1361028,0.034244075,0.28524578,0.0697032,-0.041905716,-0.16885445,0.067861125,-0.096864246,0.07317061,1.1730925,0.075002104,0.35901195,0.027795613,0.0689974,-0.2640804,0.02122016,0.024587266,0.104624346,1.3650999,0.18701594,0.16113184,1.2696514,0.12702134,0.00904993,1.2876583,0.13923833,0.091973305,1.4150097,0.26998317,0.2776863,1.2366948,0.18363364,-0.101542205,1.2707186,0.18009008,0.3019877,1.008377,0.16054522,-0.15922995,1.0202262,0.15310717,0.18874192,0.7290933,0.18770456,-0.10834591,0.7530035,0.22019596
frame_046,0.063299455,0.91610736,-0.059007555,0.11810096,0.83330476,-0.07292082,0.0017331094,0.830209,-0.090273805,0.06269268,1.04664,-0.08318232,0.25448608,0.4830399,0.07696131,-0.14418688,0.4832065,0.009948164,0.061094783,1.1391249,0.028647818,0.27826396,0.076015875,-0.043725602,-0.16877598,0.07148799,-0.097476676,0.06229156,1.1773137,0.067724496,0.35186723,0.0277868,0.062142693,-0.26128843,0.020831168,0.020153217,0.08778567,1.3706083,0.17306459,0.14690986,1.2755121,0.12006262,-0.0050837323,1.2908467,0.12461047,0.072617725,1.422533,0.25316182,0.25949875,1.2506647,0.18931651,-0.11401536,1.2769204,0.16731435,0.292703,1.0241245,0.22400805,-0.17367956,1.0261102,0.18456465,0.16283213,0.78262806,0.30151165,-0.12227028,0.7984428,0.3081767
frame_047,0.06091365,0.9157003,-0.05996191,0.114997,0.8327679,-0.072543405,-0.0007565841,0.82979167,-0.08964216,0.0617054,1.0447868,-0.08445837,0.24294887,0.48396108,0.083588615,-0.14494427,0.48527735,0.023316715,0.056642205,1.1394106,0.020751197,0.2708657,0.07775028,-0.04704623,-0.15984645,0.07401359,-0.091689825,0.056743965,1.178845,0.05898753,0.33969614,0.028480584,0.06361829,-0.24740985,0.02035352,0.02261727,0.078095034,1.3727599,0.15708613,0.13876121,1.2774799,0.10882421,-0.012064394,1.2924733,0.1106074,0.06214383,1.4264331,0.23472199,0.245624,1.259539,0.18925335,-0.11883013,1.2846,0.16118807,0.2795528,1.0452505,0.2961304,-0.18289056,1.039989,0.23246318,0.12899327,0.88266355,0.42895702,-0.11712885,0.86421627,0.40038598
frame_048,0.059302382,0.9139348,-0.061467845,0.11338818,0.831733,-0.07506693,-0.004166454,0.8283988,-0.09066041,0.05962326,1.0428632,-0.08675517,0.24041414,0.48335308,0.07721925,-0.14923641,0.48561817,0.029910047,0.053764462,1.1391917,0.016943727,0.2695631,0.079493195,-0.056849837,-0.16374773,0.07239394,-0.08238448,0.053518057,1.1803797,0.053674687,0.33435106,0.029423475,0.056445222,-0.24835756,0.018446581,0.032992188,0.07580042,1.3754168,0.14509648,0.13683583,1.2778041,0.101277724,-0.01552707,1.295507,0.10028955,0.058218226,1.4307871,0.22415088,0.23945555,1.2669855,0.1934819,-0.11912804,1.2950114,0.15902753,0.26924908,1.0815784,0.37347212,-0.18934247,1.0712942,0.28815594,0.09418707,1.0257468,0.53813845,-0.08268348,0.9724203,0.48157343
frame_049,0.059117224,0.9137145,-0.06298074,0.11389475,0.8327494,-0.07778809,-0.005802322,0.8273513,-0.09193052,0.056726202,1.0429542,-0.08830445,0.2501341,0.4854656,0.06750749,-0.15503442,0.49052355,0.04689742,0.049982443,1.1409698,0.012555957,0.27562574,0.08449331,-0.077905715,-0.17449903,0.07513668,-0.060223192,0.049609795,1.1834712,0.04712359,0.34260795,0.029011687,0.032301992,-0.25800335,0.017242577,0.055734,0.07464024,1.377533,0.12704358,0.1342556,1.2796206,0.08711022,-0.018532645,1.2978259,0.08927719,0.055676356,1.4335232,0.20486352,0.23189676,1.2795548,0.18504052,-0.11804362,1.3050342,0.15786782,0.25697,1.139966,0.42636725,-0.19471368,1.1262791,0.34299865,0.067208275,1.1958537,0.57969713,-0.05767941,1.1337427,0.5317422
frame_050,0.059390403,0.9167856,-0.064594,0.11452322,0.8365019,-0.08275773,-0.0069563985,0.82980794,-0.09411314,0.056408737,1.0467607,-0.087770134,0.25640628,0.4906477,0.05362373,-0.15914613,0.49367124,0.050680034,0.04884232,1.1445341,0.0088532865,0.28736755,0.08638277,-0.09137946,-0.18037286,0.07627693,-0.05160323,0.048688356,1.187704,0.042708695,0.35323632,0.030566026,0.022914767,-0.26310915,0.018310325,0.064945,0.07464068,1.3831646,0.11573318,0.13481301,1.2835459,0.07813451,-0.02056855,1.30327,0.08164692,0.057996724,1.4393263,0.19549885,0.22954455,1.2884138,0.17922898,-0.11649301,1.3186802,0.1557948,0.24371701,1.1979702,0.44912425,-0.18243122,1.1905091,0.38784334,0.043913797,1.3407204,0.5698854,-0.026349157,1.2886869,0.51019347
frame_051,0.05919528,0.922967,-0.06626154,0.11495513,0.8443736,-0.0877718,-0.008435965,0.8368608,-0.097060755,0.05555126,1.0550417,-0.08530124,0.26022252,0.49991262,0.04085996,-0.16403928,0.50162756,0.053408556,0.047875285,1.150426,0.01554466,0.2918045,0.09190615,-0.104261726,-0.1881319,0.08267394,-0.05431048,0.04810536,1.1933126,0.049808353,0.357756,0.03520419,0.009403735,-0.26753432,0.020602511,0.060993098,0.076317914,1.3872677,0.12160004,0.13529915,1.2881039,0.08295893,-0.019932792,1.3077343,0.089553736,0.062989,1.4421375,0.20099047,0.22913718,1.301172,0.18107182,-0.11235164,1.3327918,0.16438097,0.24080144,1.2545512,0.46495408,-0.16011955,1.2583462,0.4203444,0.031432785,1.4512482,0.5374591,-0.0005134344,1.3893235,0.47500306
frame_052,0.059124086,0.92461866,-0.06930771,0.11579287,0.84625626,-0.09126449,-0.008726429,0.84011203,-0.09834323,0.05467376,1.0561817,-0.08942905,0.26833358,0.5024431,0.028540574,-0.16897227,0.50483,0.058014728,0.048163455,1.1501615,0.012095571,0.2996277,0.09378902,-0.1192778,-0.19585246,0.087918796,-0.04852047,0.04862152,1.1933445,0.04545121,0.36474386,0.034760118,-0.005262099,-0.2747906,0.023867732,0.06801293,0.07608678,1.3871431,0.114370145,0.13558237,1.2872766,0.07542562,-0.019492459,1.308021,0.085080765,0.0685644,1.441836,0.19530213,0.23049526,1.3074819,0.1707024,-0.10613458,1.3429555,0.1640121,0.24029803,1.2871449,0.4629118,-0.1372411,1.298161,0.4417949,0.03553048,1.5058496,0.49866155,0.02236991,1.4319121,0.43380436
frame_053,0.059324533,0.9252614,-0.074048705,0.11617525,0.84783614,-0.09988554,-0.009647764,0.84029424,-0.10072367,0.05340221,1.0574913,-0.0934494,0.27551556,0.50804144,0.018280536,-0.16910586,0.50633395,0.06242495,0.050049484,1.1485314,0.010589927,0.31085566,0.09883562,-0.13697602,-0.19993493,0.09013323,-0.04109133,0.05149147,1.1902124,0.04546023,0.37950706,0.03823378,-0.026517142,-0.2719731,0.025781734,0.07954476,0.077467725,1.3816104,0.11498145,0.13823809,1.2841582,0.07392157,-0.017552912,1.3027991,0.08727097,0.07455857,1.4344122,0.19602859,0.23194097,1.3052956,0.16740039,-0.09763855,1.340447,0.17175809,0.24103616,1.2828532,0.45896566,-0.09958945,1.3057668,0.45873636,0.0441005,1.4998606,0.4710971,0.0524425,1.4470873,0.4200137
frame_054,0.059646625,0.92417073,-0.082486145,0.116836704,0.84786844,-0.1098429,-0.008028012,0.83979005,-0.10861616,0.05151338,1.0575712,-0.1014163,0.2822174,0.5113149,0.009350382,-0.16932227,0.5039148,0.056477107,0.050510593,1.1438514,0.004996538,0.32405055,0.104065344,-0.15710714,-0.20247476,0.089674085,-0.032343782,0.05331663,1.1833886,0.042076625,0.39649346,0.042250704,-0.053815335,-0.27216777,0.027851278,0.09055274,0.08444913,1.3703477,0.11927553,0.14200902,1.2762051,0.07262447,-0.012123074,1.2928672,0.090500765,0.083158836,1.4200687,0.20291576,0.23703837,1.2965105,0.16380033,-0.08602108,1.3274848,0.17875212,0.24622646,1.250387,0.45467746,-0.06874451,1.2701267,0.466372,0.06880568,1.4674827,0.4817227,0.076456055,1.4184322,0.4491461
frame_055,0.060979195,0.9182646,-0.09566837,0.11963232,0.8437879,-0.12498252,-0.0049136057,0.8327059,-0.122052684,0.048571326,1.0524629,-0.11449829,0.29014245,0.51126045,0.00017913431,-0.16767353,0.5002169,0.053754322,0.0486967,1.1340173,-0.002498038,0.32634634,0.10912248,-0.17788851,-0.19651628,0.088193096,-0.022978537,0.053852826,1.1713904,0.03749015,0.40341473,0.041355718,-0.08141773,-0.26901764,0.024097454,0.098517366,0.09239951,1.3531307,0.12292496,0.14531015,1.2630652,0.06918187,-0.008040972,1.2775216,0.09338661,0.090830654,1.3980871,0.21166742,0.24399003,1.2750392,0.15573591,-0.077446274,1.3029943,0.18518862,0.25866532,1.1928649,0.43560982,-0.040114097,1.2038012,0.46687698,0.09661332,1.3872806,0.49684876,0.106019385,1.3392634,0.48396212
frame_056,0.06472188,0.9085319,-0.11302049,0.12360239,0.83463335,-0.1440149,0.001015,0.82203656,-0.13753958,0.049736995,1.0431626,-0.1323189,0.29449004,0.5015353,-0.017111264,-0.1687241,0.4950981,0.050248988,0.050589718,1.120791,-0.014562994,0.3269769,0.105654255,-0.20595485,-0.19936842,0.08316902,-0.016192742,0.057266776,1.1568211,0.028928481,0.40503532,0.03460731,-0.1141946,-0.27529714,0.02429529,0.1038292,0.10063023,1.33359,0.12630364,0.14970012,1.2482522,0.06301465,-0.0012368858,1.2579414,0.096115984,0.09792601,1.3763431,0.21591681,0.25191122,1.2518394,0.14366019,-0.06844862,1.269084,0.19260186,0.26702264,1.1213806,0.38856184,-0.01942411,1.11745,0.44710582,0.12031607,1.2591872,0.50921565,0.1292638,1.2220728,0.5143948
frame_057,0.07178104,0.8971217,-0.13365032,0.12842141,0.8240388,-0.16987859,0.008443013,0.811143,-0.15403081,0.05553814,1.032452,-0.15096231,0.303329,0.48739412,-0.04803613,-0.16904733,0.4965525,0.053373203,0.059273213,1.1042898,-0.029168852,0.32606342,0.10187019,-0.2449319,-0.20811948,0.080166385,0.0054734945,0.06784093,1.1386701,0.015086159,0.4116972,0.033258196,-0.15020572,-0.28505427,0.023308303,0.1284595,0.11121139,1.3126597,0.12503524,0.15953924,1.2314732,0.051763624,0.009445019,1.2348934,0.09385091,0.110679954,1.3542452,0.21398367,0.2659713,1.22452,0.11925982,-0.05621192,1.2304063,0.18896522,0.2965792,1.0518165,0.3229645,-0.005084075,1.038696,0.41172606,0.16080219,1.1188169,0.5020548,0.15447828,1.0743378,0.5250502
frame_058,0.08190295,0.88644767,-0.15460953,0.13745373,0.81316787,-0.19392264,0.01824762,0.80096704,-0.17415042,0.06552752,1.0226703,-0.16944206,0.31123847,0.474614,-0.071837395,-0.15548243,0.49702978,0.047182754,0.07253599,1.0890193,-0.045024775,0.33503103,0.08913467,-0.27012992,-0.20024934,0.07762723,0.01852554,0.08129293,1.121483,0.0009227246,0.42555884,0.027303752,-0.16938487,-0.27265823,0.024198776,0.14431974,0.12427105,1.2883651,0.119494915,0.1718333,1.2127688,0.038891822,0.02431171,1.2122779,0.08866398,0.124027595,1.3264587,0.20803648,0.28294662,1.1925377,0.09414196,-0.040734783,1.1905121,0.18381315,0.33427718,0.98787373,0.24121392,0.0010822862,0.97414047,0.3645008,0.22257674,0.94627035,0.46333256,0.15179563,0.9278241,0.51574826
frame_059,0.09376173,0.87897646,-0.17467505,0.14650874,0.80508035,-0.21724245,0.02867549,0.7954657,-0.192723,0.07975256,1.0172952,-0.18784665,0.31464848,0.46228555,-0.100480184,-0.1397064,0.49630857,0.03344716,0.08962672,1.0774696,-0.06348221,0.34202373,0.0792446,-0.29651427,-0.19005163,0.070319936,0.03367041,0.09913362,1.1079457,-0.01583524,0.43968803,0.025906742,-0.1890808,-0.26204294,0.024140663,0.16144788,0.13815978,1.266296,0.112095326,0.18610409,1.1963422,0.023600876,0.041457057,1.1916578,0.0806638,0.13846898,1.3026801,0.19909471,0.30043882,1.1639714,0.06367354,-0.024725117,1.153952,0.17243296,0.36727154,0.9330902,0.1504542,-0.0034491643,0.91548944,0.3062163,0.3048492,0.7997423,0.38595146,0.12684347,0.7861276,0.47110027
frame_060,0.10777147,0.8747419,-0.19152844,0.15728119,0.8004088,-0.23681737,0.041617364,0.791597,-0.20967844,0.09727696,1.013815,-0.20280173,0.32733542,0.46110928,-0.111451134,-0.12508424,0.4968357,0.018367171,0.109259516,1.0674393,-0.07406081,0.34701145,0.08203763,-0.3128196,-0.18471359,0.07073361,0.035424888,0.1180658,1.0941515,-0.024991587,0.4444517,0.029363371,-0.20742854,-0.25416028,0.02540387,0.16487902,0.15931542,1.2422212,0.11193094,0.20538591,1.178914,0.016560763,0.06352805,1.1721293,0.07935351,0.16006984,1.2746985,0.19284403,0.32222706,1.1385744,0.042862773,-0.008648917,1.1207997,0.16221946,0.39015532,0.8972881,0.082087904,-0.0026603788,0.8616366,0.23253125,0.37000525,0.702641,0.27442676,0.08295049,0.64691603,0.3777756
frame_061,0.12396506,0.87545335,-0.20445348,0.17201945,0.80025697,-0.25018376,0.057175823,0.79384667,-0.22228895,0.11339694,1.0147963,-0.21375123,0.33801433,0.45110908,-0.12354855,-0.10663778,0.49075857,-0.0036330223,0.13129693,1.065431,-0.08524106,0.34466663,0.07299006,-0.32077712,-0.18868378,0.06803222,0.0356739,0.1423888,1.0890051,-0.0350748,0.435672,0.022512732,-0.21508203,-0.25387037,0.024721352,0.16092868,0.19004136,1.2307312,0.10389303,0.23179975,1.1680655,0.0059935898,0.09233645,1.1664374,0.07053454,0.19396806,1.2553169,0.18770997,0.34799507,1.1237824,0.016739905,0.012021713,1.1130546,0.13959782,0.41567495,0.88798004,-0.0044537783,-0.013450585,0.85195863,0.15225534,0.44221708,0.6327944,0.112331465,0.021546505,0.57591534,0.24767299
frame_062,0.14241202,0.88028777,-0.21597306,0.18777658,0.8031424,-0.26402554,0.07379163,0.7993637,-0.23092438,0.13366963,1.0188569,-0.22395064,0.34049416,0.44917774,-0.13532937,-0.090437025,0.4883927,-0.014783323,0.15862784,1.0702031,-0.09786701,0.3393982,0.07220735,-0.32991806,-0.19324236,0.0724279,0.03900926,0.1731806,1.0922587,-0.045876622,0.43286157,0.02281326,-0.22340274,-0.2509476,0.027044645,0.16597368,0.22895443,1.2320465,0.09342186,0.26643983,1.1675785,-0.008167952,0.12801337,1.1726158,0.062458113,0.2388728,1.2489098,0.17908545,0.38331205,1.1188724,-0.017919078,0.039771847,1.1222664,0.12332861,0.4425375,0.89631164,-0.10236865,-0.023574352,0.87119305,0.09080537,0.49438262,0.6171603,-0.07951154,-0.018128991,0.582543,0.11954956
frame_063,0.16186973,0.8882541,-0.2286884,0.20606644,0.8089791,-0.27653533,0.09198493,0.8093053,-0.2442361,0.15489502,1.02835,-0.23606324,0.35135835,0.4478532,-0.15184747,-0.075053185,0.49216622,-0.0285974,0.18525141,1.0833327,-0.111770265,0.34284037,0.06549832,-0.33055803,-0.1856128,0.07334545,0.043750748,0.20169723,1.1055903,-0.061133683,0.44257462,0.019965129,-0.2244834,-0.2413899,0.0276452,0.16557722,0.26144764,1.2453976,0.0776837,0.2965114,1.1785147,-0.022881538,0.1598942,1.189531,0.04498087,0.27959186,1.2623067,0.16326185,0.40751606,1.1329378,-0.05138336,0.0662179,1.1455305,0.092988625,0.45834482,0.93368953,-0.19881283,-0.032693923,0.9181175,0.017019615,0.52289134,0.6427868,-0.27480784,-0.070447534,0.63424206,-0.01660408
frame_064,0.18001209,0.9007238,-0.24184144,0.22172138,0.8210827,-0.28769267,0.10842215,0.8227617,-0.25625196,0.17665538,1.040893,-0.25070494,0.3596577,0.4498385,-0.16603903,-0.06369251,0.5048122,-0.045288697,0.21147722,1.1012516,-0.1310167,0.34532627,0.06602856,-0.3254267,-0.18401055,0.08089888,0.03091076,0.22873199,1.1252332,-0.0797914,0.44304812,0.021898797,-0.22443345,-0.24580891,0.03705336,0.15137497,0.29545695,1.266856,0.06009388,0.3267856,1.1949239,-0.041008458,0.1921128,1.2133515,0.02662161,0.31857494,1.2843014,0.14403862,0.43433195,1.1506703,-0.08174947,0.0927601,1.1837299,0.068510175,0.46468657,0.9710938,-0.27171507,-0.025956452,0.9884648,-0.03603214,0.5311397,0.68313396,-0.42147,-0.1158963,0.71854794,-0.11950463
frame_065,0.19537085,0.9120745,-0.25394937,0.23791124,0.83178055,-0.2954782,0.123805046,0.8331996,-0.2679204,0.19502786,1.0505319,-0.26632753,0.3661604,0.45634428,-0.18058968,-0.048293352,0.5143812,-0.058167905,0.23241998,1.113798,-0.14738226,0.3542018,0.06796178,-0.33457586,-0.16321045,0.09025175,-0.009542555,0.2504608,1.1394812,-0.095886365,0.44512185,0.023835447,-0.22652207,-0.23292631,0.044677608,0.11150783,0.32058203,1.285239,0.048960418,0.3490792,1.2098483,-0.054533422,0.21657981,1.2326899,0.011619151,0.34444854,1.3039149,0.13439724,0.4537412,1.1711191,-0.10496324,0.11362138,1.2152846,0.050892115,0.4633777,1.0241374,-0.32124084,-0.012778103,1.055381,-0.09446624,0.53582054,0.74659216,-0.55305374,-0.14479983,0.8146778,-0.21501084
frame_066,0.20555809,0.92486167,-0.26487795,0.24771693,0.8457176,-0.30375862,0.13334095,0.8470321,-0.27995017,0.21011668,1.0629416,-0.27897167,0.36417657,0.46753243,-0.1976353,-0.03254552,0.5224859,-0.07470968,0.2462052,1.1317924,-0.16273451,0.35205954,0.07015898,-0.3322213,-0.1239807,0.098115906,-0.08367458,0.2638225,1.1594658,-0.111579955,0.43958792,0.024664115,-0.22360179,-0.19229457,0.048421793,0.036311775,0.33940613,1.311751,0.031180888,0.3659233,1.2315528,-0.07154535,0.23237127,1.2581689,-0.00566712,0.3595658,1.3320872,0.119113594,0.46979284,1.1996149,-0.12721607,0.12442364,1.2492825,0.029247612,0.46630007,1.0765127,-0.35966733,-0.0020015687,1.1160414,-0.14321442,0.54966676,0.8350129,-0.6396638,-0.15211692,0.900918,-0.29469746
frame_067,0.21023194,0.9322691,-0.27416295,0.25358763,0.85232705,-0.30799717,0.13690233,0.85620695,-0.29141268,0.21751392,1.068467,-0.2898465,0.36600187,0.47219244,-0.20923221,-0.024078786,0.518038,-0.10891017,0.25108328,1.1412076,-0.175755,0.35637766,0.069121614,-0.32675827,-0.09493409,0.0989915,-0.1650767,0.26983082,1.1697736,-0.124682084,0.4384737,0.021120343,-0.21842708,-0.17021902,0.045290187,-0.0484982,0.35350764,1.3242438,0.014505714,0.37637532,1.2399808,-0.08583027,0.2421712,1.273028,-0.020102441,0.3704481,1.3400774,0.10735348,0.48163807,1.2142273,-0.13927226,0.12981886,1.2744086,0.010255307,0.48429203,1.1090024,-0.3846523,-0.00076022744,1.1617104,-0.17917456,0.57520413,0.89380026,-0.6898473,-0.15834431,0.9566872,-0.34423625
frame_068,0.21053761,0.938373,-0.28403792,0.25457612,0.8581669,-0.31901762,0.13564509,0.862244,-0.3038879,0.21742758,1.0765982,-0.29866076,0.36439335,0.47849026,-0.22611314,-0.014718443,0.5099007,-0.15612237,0.2503977,1.1482067,-0.18146187,0.362262,0.066107064,-0.32986027,-0.07555029,0.095912084,-0.2392028,0.26953468,1.1779895,-0.13084264,0.44825727,0.01893732,-0.22510736,-0.15175906,0.038615473,-0.13052411,0.3500034,1.3323766,0.0059217513,0.374511,1.247757,-0.09273243,0.23827739,1.2806916,-0.02754867,0.36326158,1.3472207,0.09895918,0.48067707,1.2237773,-0.14582793,0.12215074,1.2830182,0.00046920776,0.50281155,1.1191452,-0.3966728,-0.01464051,1.1752391,-0.19484177,0.6051027,0.9175393,-0.69333714,-0.17260498,0.9646611,-0.3508389
frame_069,0.20737727,0.93788725,-0.2957409,0.25223637,0.85819054,-0.33182773,0.13257936,0.8616089,-0.32100493,0.21451859,1.0769554,-0.30711088,0.36347768,0.47822815,-0.24095762,-0.010977328,0.49835533,-0.20000315,0.24618894,1.14676,-0.18750192,0.37640908,0.06863565,-0.34289712,-0.060901865,0.08666672,-0.2915398,0.26291597,1.1765326,-0.1379275,0.45841444,0.02400221,-0.23850071,-0.13397168,0.030183967,-0.18133119,0.33953568,1.3305144,-0.001238972,0.36809504,1.2468224,-0.09787387,0.22927098,1.2777665,-0.035688043,0.35138777,1.3447964,0.09342185,0.47934985,1.2252381,-0.15076669,0.11171694,1.2813184,-0.009684682,0.5204609,1.109775,-0.39939475,-0.03160034,1.1676608,-0.19481419,0.6307177,0.91222304,-0.65731275,-0.18327726,0.94772303,-0.32217836
frame_070,0.20114641,0.93174314,-0.30996537,0.24830875,0.85129213,-0.34670722,0.12888643,0.85415417,-0.33885702,0.2063922,1.0709184,-0.31792757,0.36684707,0.47335643,-0.25926927,-0.012008354,0.48611233,-0.23275164,0.23313138,1.1383226,-0.1953692,0.38721693,0.06403886,-0.36148593,-0.058106735,0.07733473,-0.31563157,0.2471878,1.166586,-0.1454183,0.46685284,0.022352353,-0.25219387,-0.12985013,0.024180623,-0.19670221,0.31467447,1.3216412,-0.0059427023,0.34831938,1.2393991,-0.10234401,0.20789002,1.2680992,-0.045900106,0.3238548,1.3362682,0.09093672,0.46387303,1.2176157,-0.1469799,0.09188555,1.2692928,-0.019283831,0.53487366,1.0874063,-0.3696635,-0.04925038,1.1454468,-0.19477642,0.65272486,0.8763021,-0.5790932,-0.18641444,0.90833235,-0.2968368
frame_071,0.19470054,0.92513895,-0.32650712,0.24386358,0.8449124,-0.36351305,0.12353072,0.84718037,-0.35575804,0.19839598,1.0632633,-0.33553052,0.35963842,0.47480357,-0.27067697,-0.009397119,0.47979575,-0.24761629,0.2210275,1.1290315,-0.20858826,0.38514227,0.06461169,-0.36711177,-0.05168426,0.07127889,-0.32863835,0.23328857,1.1569929,-0.15801585,0.46489573,0.025661448,-0.25648212,-0.12248859,0.023337167,-0.20510188,0.29282582,1.3124709,-0.015711933,0.33249992,1.2306038,-0.110017955,0.18787625,1.257631,-0.05898583,0.30177528,1.327367,0.07906836,0.4543518,1.2046816,-0.13979585,0.073428884,1.2563171,-0.028735608,0.55268013,1.0548985,-0.32716495,-0.070614636,1.1224061,-0.18183944,0.67058074,0.8271512,-0.47684148,-0.18502209,0.86856294,-0.24756439
frame_072,0.18973494,0.92224425,-0.34482,0.24061298,0.8425518,-0.37946397,0.12021195,0.84453917,-0.3767519,0.19183339,1.0603639,-0.35457352,0.35907057,0.47724503,-0.282657,-0.015019447,0.47943887,-0.26883298,0.20810598,1.1230932,-0.22299471,0.39259142,0.06279079,-0.36513835,-0.04606393,0.06966959,-0.34376547,0.21858826,1.1501681,-0.17141877,0.4748053,0.024473056,-0.25453568,-0.1235975,0.0218185,-0.22093976,0.26831064,1.3052043,-0.020103395,0.314328,1.2228701,-0.1120289,0.16555838,1.251415,-0.074019045,0.27155793,1.3194252,0.076590806,0.43645343,1.1896318,-0.11530207,0.050526217,1.2475283,-0.044396102,0.5460697,1.0188322,-0.25565052,-0.08779666,1.0986266,-0.17231353,0.6387155,0.78060955,-0.3388265,-0.17727765,0.8356466,-0.19763486
frame_073,0.18651149,0.9213564,-0.36366126,0.23764323,0.8405831,-0.39603037,0.11893589,0.8427792,-0.3977043,0.1874909,1.0578135,-0.37364584,0.36594743,0.48240164,-0.2908759,-0.023158431,0.4828712,-0.28731167,0.19369337,1.116924,-0.2379234,0.40097517,0.06413207,-0.3595041,-0.051076725,0.06990151,-0.35070887,0.20093206,1.141913,-0.185621,0.4865237,0.024499577,-0.25104237,-0.13208404,0.022325836,-0.23092379,0.24281274,1.2913692,-0.022267312,0.29408792,1.2110441,-0.113538355,0.14122388,1.2414714,-0.08830604,0.23765397,1.3063207,0.07175839,0.40957743,1.1674201,-0.08678287,0.026209623,1.2349408,-0.05805847,0.5118022,0.97695804,-0.17972592,-0.102505594,1.0727177,-0.15880343,0.5588504,0.7235029,-0.19942756,-0.16958335,0.80530727,-0.15107518
frame_074,0.18467721,0.921509,-0.38109943,0.23747328,0.8405114,-0.41081867,0.11961557,0.84244496,-0.41972035,0.18499444,1.0581805,-0.38942266,0.3629657,0.48353282,-0.29789913,-0.030623928,0.48835072,-0.30398935,0.18328857,1.1148679,-0.25129324,0.39513284,0.06572175,-0.3609649,-0.05587125,0.07334598,-0.3636405,0.18681483,1.1379067,-0.19852433,0.47333276,0.02444399,-0.25131425,-0.13980219,0.022608116,-0.24905054,0.2208207,1.2837032,-0.02889803,0.27598172,1.2041376,-0.1164009,0.123888314,1.2363288,-0.10412642,0.20777977,1.296133,0.065146536,0.38355,1.1528063,-0.06785786,0.0105908215,1.227652,-0.072927356,0.47403815,0.95339245,-0.12120491,-0.11064795,1.0549382,-0.15611127,0.47787675,0.6902127,-0.09354991,-0.16857266,0.780704,-0.12074709
frame_075,0.18331736,0.9236983,-0.3955329,0.23779148,0.842479,-0.42299032,0.11957405,0.8438671,-0.44013983,0.18506555,1.0603085,-0.40180725,0.34902918,0.4850922,-0.30638754,-0.031730145,0.4944298,-0.32602662,0.17507015,1.1128771,-0.26169124,0.3860407,0.06484196,-0.35766056,-0.061192095,0.0750595,-0.37191808,0.1753648,1.1345375,-0.2092706,0.4522886,0.023108196,-0.23913838,-0.14453974,0.02352494,-0.2592888,0.20235881,1.2767545,-0.039375007,0.261212,1.1988307,-0.12157354,0.10874482,1.2306162,-0.11899364,0.18216549,1.2902715,0.052408844,0.36337608,1.1464149,-0.058047235,-0.002952665,1.2201291,-0.08850595,0.43859416,0.9389006,-0.08523083,-0.114653885,1.0288701,-0.15399763,0.39518386,0.6809069,-0.03865552,-0.16830146,0.76619637,-0.10404846
frame_076,0.18159784,0.9228648,-0.4059418,0.23710781,0.8416105,-0.43127912,0.11844578,0.84283674,-0.45281574,0.18396567,1.0585212,-0.41337758,0.34592563,0.48319918,-0.3085992,-0.037452385,0.49722105,-0.33696786,0.17044877,1.1072745,-0.27298528,0.3884157,0.06647418,-0.36591077,-0.07482357,0.07340033,-0.37485543,0.16914672,1.1283313,-0.22048168,0.449952,0.023566177,-0.24282579,-0.16166125,0.02372323,-0.2622177,0.19594917,1.2662504,-0.04868278,0.25504786,1.1899664,-0.12934062,0.10298319,1.2216307,-0.13007867,0.17282392,1.2780831,0.043141633,0.35342202,1.1340021,-0.05964002,-0.0059800893,1.2100068,-0.09871191,0.4089402,0.9202001,-0.07403287,-0.10468121,1.006618,-0.15634353,0.3204948,0.6626775,-0.03203094,-0.15120287,0.7514189,-0.103625834
frame_077,0.17935196,0.92424905,-0.41283414,0.2351757,0.8431534,-0.43809196,0.11767882,0.84525824,-0.46067366,0.18311742,1.0591393,-0.4192715,0.3413245,0.4834163,-0.31084386,-0.038934022,0.4979196,-0.348679,0.16675408,1.1089696,-0.27935955,0.383909,0.065013856,-0.36994368,-0.08005503,0.06961154,-0.37908873,0.16356322,1.1298378,-0.2280178,0.44433016,0.024777526,-0.25034678,-0.16689801,0.024783907,-0.2667033,0.18765056,1.2685767,-0.056845337,0.24820404,1.1920763,-0.13711783,0.09686692,1.2236193,-0.13720652,0.16172427,1.2841852,0.03408712,0.3439446,1.1357036,-0.06500241,-0.011312664,1.2115456,-0.103625745,0.39324236,0.9190014,-0.078507096,-0.095980406,0.9973059,-0.16575378,0.27525532,0.6687621,-0.043803573,-0.1303682,0.7432107,-0.12363404
frame_078,0.17745072,0.92407054,-0.4165017,0.23392254,0.8435238,-0.44060302,0.116377115,0.8454108,-0.46547106,0.18083778,1.0582516,-0.422676,0.3415322,0.48241833,-0.31366396,-0.043598965,0.49781707,-0.35920078,0.1613604,1.1104428,-0.28505534,0.38129714,0.066510074,-0.37498143,-0.08731243,0.06878625,-0.38153496,0.1570575,1.1322705,-0.2340491,0.43707663,0.024742598,-0.255918,-0.18106991,0.02466691,-0.27358994,0.17970435,1.2729881,-0.06697738,0.24081466,1.1952988,-0.14601582,0.089229845,1.2268367,-0.1450333,0.15167652,1.2906513,0.022753447,0.33655173,1.1409875,-0.07493532,-0.020975813,1.214717,-0.11491501,0.38178435,0.92318517,-0.09356287,-0.0985111,0.9981892,-0.18848613,0.25535136,0.6838267,-0.06781465,-0.12979579,0.74661267,-0.1602025
frame_079,0.17591488,0.92315227,-0.41850346,0.2327019,0.8416333,-0.43963736,0.11620554,0.8435902,-0.46757978,0.17931062,1.0567089,-0.42721948,0.34939528,0.4820865,-0.3034079,-0.053666964,0.4993275,-0.3614979,0.15383118,1.1143639,-0.29250365,0.38902158,0.06668271,-0.37168851,-0.10082188,0.06931818,-0.37832367,0.14874062,1.1381068,-0.24253933,0.44405857,0.023382848,-0.25361538,-0.19816694,0.023922581,-0.27358845,0.1711789,1.2827153,-0.08108854,0.23211789,1.2033988,-0.15800768,0.08011549,1.2345527,-0.15675399,0.1399817,1.3041494,0.006622106,0.32835078,1.1502917,-0.0864802,-0.031880558,1.2222819,-0.1297419,0.37311748,0.93066764,-0.11727694,-0.10648927,1.0024779,-0.21103662,0.24152866,0.7023883,-0.0824371,-0.13371095,0.7507357,-0.17444998
frame_080,0.17420456,0.9237643,-0.41931766,0.23137112,0.84215325,-0.44047803,0.115097955,0.84313816,-0.4660621,0.17553493,1.0573498,-0.4300187,0.3502363,0.4844836,-0.3025063,-0.056940347,0.49816272,-0.3626829,0.15060058,1.1190481,-0.29603568,0.38327646,0.06554587,-0.36878118,-0.10659146,0.068581074,-0.3828547,0.14564556,1.1439801,-0.2477096,0.4442411,0.022639018,-0.25586143,-0.20384005,0.022228267,-0.2814206,0.16674846,1.294461,-0.09135193,0.22885588,1.2122953,-0.16602239,0.07507967,1.2432747,-0.16481823,0.13411489,1.3189616,-0.0046364665,0.32655722,1.1629623,-0.095193654,-0.03924477,1.2319865,-0.13802779,0.37635595,0.94086874,-0.13352764,-0.11407012,1.0065067,-0.22455329,0.2603246,0.7161864,-0.08358616,-0.13590422,0.7535379,-0.17401132
frame_081,0.17262594,0.9246849,-0.41952306,0.22973362,0.8427904,-0.4396525,0.11387095,0.84424007,-0.46534166,0.17307997,1.0574274,-0.43170416,0.34472707,0.48559615,-0.29789558,-0.059806302,0.49730134,-0.36215824,0.14922321,1.1241853,-0.3009768,0.36910337,0.06466688,-0.36559016,-0.1099353,0.06944542,-0.39008507,0.14437021,1.1511039,-0.25392205,0.43157572,0.022045497,-0.25375795,-0.20798801,0.02367521,-0.2908972,0.16499305,1.3073628,-0.10349843,0.2278195,1.2227433,-0.17591089,0.07270509,1.2527477,-0.17407383,0.13159008,1.3333722,-0.016900033,0.32763356,1.1771164,-0.10760635,-0.04343556,1.2425202,-0.14949924,0.3794688,0.952158,-0.15129367,-0.11901955,1.0118575,-0.24043451,0.28644416,0.7194985,-0.08298707,-0.13817634,0.7571237,-0.17482674
frame_082,0.17133886,0.9259581,-0.41938502,0.22805263,0.84450316,-0.43755588,0.11288823,0.8450187,-0.46487695,0.17253903,1.0585576,-0.4333334,0.341024,0.48720184,-0.29276174,-0.05869542,0.4972629,-0.3628002,0.14886811,1.1300814,-0.30651683,0.366524,0.06781492,-0.36401746,-0.10839298,0.070330635,-0.39517748,0.14407036,1.1594357,-0.26094815,0.42598763,0.023464557,-0.2516939,-0.20816883,0.022579225,-0.29945,0.16273326,1.321731,-0.11671409,0.22674517,1.2353946,-0.1857918,0.071031906,1.2626371,-0.18522643,0.1303912,1.3502488,-0.030374587,0.32954258,1.1934692,-0.1193341,-0.046867847,1.2515863,-0.16214064,0.38915062,0.96661884,-0.1651595,-0.12355018,1.0178304,-0.2473092,0.31462544,0.7228674,-0.08526179,-0.1426692,0.7569605,-0.17255343
frame_083,0.1703918,0.9269098,-0.4191362,0.2269683,0.8456672,-0.43839285,0.11153584,0.8456823,-0.463362,0.17142844,1.0593212,-0.4336838,0.33939475,0.48657018,-0.29693168,-0.06265578,0.49765038,-0.3603011,0.15064004,1.1340352,-0.31104344,0.36511007,0.06648944,-0.36677957,-0.11123213,0.07131455,-0.39978898,0.14642295,1.1657571,-0.26680064,0.42464826,0.020790875,-0.25313115,-0.21396112,0.02408829,-0.30413467,0.16171667,1.333504,-0.12948653,0.22764504,1.2454065,-0.19525817,0.07185949,1.2708853,-0.19614504,0.13280654,1.3640519,-0.040926754,0.3339871,1.2061213,-0.13303447,-0.046721637,1.2597836,-0.1744717,0.3962254,0.9760252,-0.17720217,-0.12621722,1.0229529,-0.25167528,0.33652902,0.7214271,-0.09500077,-0.14896914,0.7583308,-0.17353393
frame_084,0.16883986,0.9279895,-0.419013,0.22568999,0.8469156,-0.43696353,0.10985778,0.8451932,-0.46255803,0.17042692,1.0596089,-0.43571606,0.3326547,0.48790503,-0.2958165,-0.06873125,0.498423,-0.36187175,0.15006417,1.1367725,-0.31470358,0.3547087,0.06821869,-0.3646528,-0.11833127,0.07401878,-0.41005027,0.1458453,1.1698538,-0.27145755,0.4137749,0.022199744,-0.2502733,-0.22348262,0.025439432,-0.31606844,0.16087203,1.3413754,-0.13670072,0.22752349,1.2515194,-0.20088951,0.070813276,1.2766757,-0.20286055,0.13333285,1.3743781,-0.047473878,0.33488753,1.2122539,-0.1404283,-0.048842117,1.2662374,-0.18148202,0.39691526,0.9785997,-0.18625917,-0.12832709,1.0292249,-0.25916964,0.3398805,0.71979797,-0.102779835,-0.15102215,0.7639327,-0.17674093
frame_085,0.1659693,0.9283713,-0.41847652,0.22231165,0.8474276,-0.4362912,0.10694093,0.8458604,-0.46166918,0.16755901,1.0593197,-0.4352614,0.33149493,0.48562256,-0.3022612,-0.07267924,0.4994529,-0.3657478,0.14733301,1.1382087,-0.31639603,0.34990013,0.06625489,-0.36573714,-0.119218364,0.075951345,-0.4241609,0.1443176,1.1730522,-0.27413166,0.41184637,0.02058894,-0.25166717,-0.22894056,0.027934995,-0.33503807,0.15882805,1.3487357,-0.14458674,0.22553776,1.2571623,-0.20619905,0.06862024,1.2817762,-0.20843047,0.13231155,1.3852385,-0.056467175,0.33451283,1.2219692,-0.14735252,-0.051662713,1.272383,-0.18792188,0.40043652,0.98741746,-0.19585645,-0.13179217,1.0355676,-0.26729846,0.3562001,0.72739875,-0.10720375,-0.15908773,0.77384484,-0.17964895
frame_086,0.16003795,0.9291366,-0.4161682,0.2164296,0.84774673,-0.4327746,0.10061082,0.84461147,-0.45833516,0.1627564,1.059682,-0.4348408,0.32043165,0.4837682,-0.30863333,-0.076868296,0.4997988,-0.36443284,0.14326595,1.1419649,-0.3174625,0.33287203,0.06194357,-0.37151086,-0.12023915,0.07510872,-0.43122527,0.13988954,1.1780028,-0.27581757,0.39725304,0.019351022,-0.25819188,-0.22853898,0.02740967,-0.34312105,0.15394045,1.3578335,-0.15159371,0.22146717,1.2647612,-0.21059602,0.063866585,1.2882221,-0.21405108,0.12781645,1.3973589,-0.063645005,0.33351824,1.2316108,-0.15427133,-0.05765018,1.2794696,-0.19614537,0.39922398,0.99611413,-0.20527689,-0.13269301,1.0419524,-0.27969182,0.3562925,0.73631835,-0.11555457,-0.16117997,0.7823401,-0.1914199
frame_087,0.14968775,0.9294163,-0.41280118,0.20625225,0.84786755,-0.42918462,0.09053877,0.844422,-0.45491397,0.15234196,1.0603392,-0.4313286,0.31063372,0.47902107,-0.316861,-0.082525134,0.49606732,-0.3599693,0.1331737,1.1462268,-0.31632423,0.32148838,0.057691652,-0.37719673,-0.11418791,0.07344419,-0.43467063,0.13010001,1.1837928,-0.27578065,0.38984507,0.017554471,-0.26306102,-0.21934398,0.027379204,-0.34495515,0.14345185,1.3687845,-0.15995574,0.21116428,1.2744197,-0.21483997,0.053886056,1.2958393,-0.2197251,0.11800131,1.4138037,-0.07243651,0.32671672,1.2457467,-0.1605919,-0.06893098,1.2874719,-0.20633614,0.39756393,1.010774,-0.21119556,-0.14128692,1.0490758,-0.2889464,0.35753465,0.75041187,-0.121652484,-0.17564078,0.79525065,-0.19050911
frame_088,0.13458957,0.92976606,-0.40703478,0.19154966,0.8476708,-0.42174518,0.07591349,0.8439234,-0.448266,0.1372649,1.0609064,-0.4272058,0.299111,0.47759873,-0.31750184,-0.09340052,0.49481952,-0.3564959,0.11893119,1.1515626,-0.31623223,0.3130741,0.056222975,-0.38069287,-0.1183822,0.07288936,-0.43779668,0.11656552,1.1912384,-0.27722013,0.37974238,0.016655428,-0.26489225,-0.22141825,0.028828762,-0.34576955,0.13245435,1.3804463,-0.17005512,0.19809017,1.2840391,-0.22020696,0.042784393,1.305254,-0.22765526,0.1103736,1.4300716,-0.08524126,0.31672364,1.2581939,-0.16800758,-0.07997829,1.2994263,-0.2197804,0.38997638,1.0239996,-0.21824633,-0.15271981,1.0613916,-0.3023844,0.35351992,0.7670061,-0.12343985,-0.19103406,0.81225675,-0.1984899
frame_089,0.11501857,0.9273151,-0.39912516,0.17253608,0.84492,-0.4122421,0.05758202,0.8399149,-0.43933108,0.11731822,1.0576293,-0.4207616,0.28881425,0.47513917,-0.31708467,-0.10121352,0.48782754,-0.35587734,0.100563966,1.1541346,-0.31470904,0.30722478,0.053289708,-0.38106754,-0.11228234,0.06980502,-0.44808233,0.09874234,1.1957595,-0.277611,0.37197527,0.017290827,-0.26443046,-0.2174055,0.028857663,-0.3563098,0.11448559,1.390966,-0.17961036,0.18013296,1.2920556,-0.22355957,0.02576802,1.3126502,-0.23525508,0.09583561,1.4421341,-0.0943535,0.3011904,1.2720954,-0.1730545,-0.09759382,1.3115581,-0.23120777,0.37709218,1.0374837,-0.21871608,-0.17099774,1.0738162,-0.31305796,0.34462073,0.78121257,-0.1229721,-0.21120596,0.8276082,-0.20452072
frame_090,0.091780245,0.92411655,-0.38900572,0.15006396,0.84213704,-0.3988191,0.035593312,0.8363006,-0.42768806,0.09431154,1.0538394,-0.41335884,0.27599472,0.47366685,-0.30963546,-0.11139563,0.47849143,-0.3515716,0.07661166,1.1545953,-0.31364325,0.30643278,0.051428586,-0.38279697,-0.1041711,0.0648621,-0.4510615,0.07446924,1.1983823,-0.27819142,0.37183464,0.015270453,-0.270145,-0.2117618,0.025118856,-0.3578742,0.090702735,1.3976655,-0.18747322,0.15621015,1.2966067,-0.22524351,0.0025166497,1.3171967,-0.24289414,0.07248025,1.4501474,-0.10333732,0.27837396,1.281414,-0.1722539,-0.119626805,1.3204468,-0.24463873,0.36170134,1.0495144,-0.21371801,-0.19173881,1.0832127,-0.32924768,0.33960474,0.80035317,-0.11659986,-0.23120359,0.8375684,-0.22139558
frame_091,0.066226356,0.9212077,-0.3777094,0.12496506,0.83947325,-0.38315967,0.011113204,0.83328635,-0.41358787,0.06937274,1.0493871,-0.40683126,0.2571877,0.47337618,-0.29672742,-0.1191426,0.47004482,-0.34794205,0.050828386,1.1557215,-0.31425774,0.30287898,0.05387089,-0.3824196,-0.09672145,0.059215426,-0.45564848,0.04836276,1.200961,-0.28102604,0.36706513,0.017329905,-0.27005744,-0.20496258,0.022122532,-0.36547583,0.0639512,1.4042233,-0.20021154,0.1287461,1.3011045,-0.23020345,-0.022683308,1.3216501,-0.25355303,0.04504573,1.4574999,-0.11719155,0.24962777,1.2911843,-0.1757589,-0.14240769,1.3291268,-0.2607118,0.33835703,1.0608363,-0.21899185,-0.21161604,1.0944124,-0.35031396,0.32341495,0.8141851,-0.12351641,-0.25384107,0.84301007,-0.24959698
frame_092,0.03970163,0.91898066,-0.36653855,0.098300785,0.83674955,-0.36835796,-0.01437344,0.8304224,-0.40211266,0.04317377,1.0454293,-0.3982824,0.23251313,0.47451413,-0.27632013,-0.13120282,0.46164024,-0.34416845,0.022298403,1.1567782,-0.31456858,0.29290295,0.058929365,-0.38579023,-0.09732215,0.05478957,-0.45262602,0.019649465,1.2039425,-0.28456926,0.3638016,0.017860943,-0.27607858,-0.20207086,0.01736319,-0.36102048,0.032780856,1.4094733,-0.21559744,0.09778023,1.3056507,-0.23767489,-0.051940594,1.3251029,-0.26634908,0.0113018155,1.4658716,-0.13610129,0.2177845,1.3005058,-0.18127637,-0.17020743,1.333869,-0.2795492,0.3064005,1.0707315,-0.22300409,-0.2302454,1.0980715,-0.36765435,0.29908842,0.82606083,-0.12530875,-0.27568758,0.8419925,-0.27234524
frame_093,0.014165546,0.9194221,-0.35578158,0.0715531,0.8367082,-0.35458848,-0.03937618,0.83133996,-0.39005184,0.01951668,1.044653,-0.3906341,0.19850263,0.47966072,-0.2424221,-0.14199977,0.45903218,-0.34538418,-0.0024231551,1.1613271,-0.3149314,0.27876532,0.07748517,-0.3842298,-0.096571155,0.050254766,-0.45315886,-0.00587673,1.2104225,-0.28866178,0.35436285,0.028383963,-0.27682486,-0.20263526,0.014993396,-0.3581459,0.0022792937,1.4196858,-0.23544183,0.06872626,1.3156066,-0.24814942,-0.07884254,1.3319148,-0.2802154,-0.020049427,1.4787923,-0.15773027,0.18870464,1.3156395,-0.19356371,-0.19550297,1.3400747,-0.29700622,0.2762563,1.0855923,-0.2343308,-0.2500559,1.1007786,-0.38010907,0.27865353,0.84292233,-0.13033777,-0.3062067,0.8463333,-0.2917326
frame_094,-0.0076569607,0.92083263,-0.3450353,0.049684156,0.8387092,-0.3413893,-0.061251055,0.83164495,-0.37690476,-0.0021872371,1.0449014,-0.3826763,0.17030519,0.48995945,-0.19619584,-0.1511652,0.4566424,-0.34389794,-0.023170333,1.1633657,-0.31315178,0.2573813,0.10030904,-0.3731077,-0.09512754,0.050402544,-0.4530976,-0.02688748,1.2123185,-0.2882324,0.33841223,0.043050766,-0.27230358,-0.19808142,0.016350523,-0.35233238,-0.022273209,1.4232965,-0.24156971,0.045752816,1.3199837,-0.25053462,-0.10132716,1.3340199,-0.28357974,-0.043835968,1.4830694,-0.16594124,0.1651428,1.3218247,-0.19748625,-0.2175923,1.3406901,-0.30089414,0.25141877,1.093308,-0.23474607,-0.2666308,1.0993351,-0.38047436,0.26096413,0.8565365,-0.13049665,-0.32473305,0.846244,-0.29775348
frame_095,-0.025908763,0.9242087,-0.33243573,0.031375773,0.8419869,-0.32653034,-0.07917868,0.8343846,-0.36114928,-0.020807507,1.0480869,-0.3742892,0.129824,0.4978968,-0.1595367,-0.14670141,0.45591733,-0.3469649,-0.041047767,1.1717894,-0.31153992,0.20649086,0.11644977,-0.3514741,-0.083188735,0.050423846,-0.45437062,-0.044952758,1.2224296,-0.28936684,0.28783873,0.051984005,-0.24981456,-0.18003002,0.015219681,-0.34840417,-0.043995522,1.4344726,-0.25370574,0.025453864,1.3318121,-0.25791606,-0.1211132,1.3432103,-0.2902288,-0.06394612,1.4949931,-0.18084113,0.14447455,1.3367692,-0.20612477,-0.2368126,1.3493457,-0.30621648,0.22388828,1.1062325,-0.2442466,-0.28050557,1.1074555,-0.38528323,0.23951825,0.87186074,-0.12954096,-0.34089372,0.8542824,-0.30837318
frame_096,-0.04175903,0.93002343,-0.31763068,0.016213037,0.8487406,-0.3104353,-0.09383412,0.83973587,-0.3461579,-0.037490517,1.0536759,-0.36079085,0.088789225,0.50685835,-0.12968911,-0.14725392,0.45300108,-0.35011652,-0.058661707,1.1783361,-0.3022222,0.14120789,0.11929671,-0.31787854,-0.0805641,0.04902944,-0.45458752,-0.06209926,1.2299601,-0.28109565,0.21088587,0.056247033,-0.21196538,-0.17219995,0.014384367,-0.3449589,-0.06112774,1.4433192,-0.2516466,0.008761097,1.3411628,-0.25420648,-0.13961276,1.350207,-0.28422168,-0.08134228,1.5051035,-0.18058522,0.12941198,1.3469402,-0.2053541,-0.25551647,1.3537735,-0.3014629,0.20637475,1.1149476,-0.24181317,-0.29989862,1.1111612,-0.3790733,0.21668346,0.8821721,-0.12115967,-0.35699487,0.8575243,-0.30285376
frame_097,-0.056316707,0.9332607,-0.29992217,0.002717603,0.8531888,-0.29051176,-0.10821946,0.842684,-0.33004284,-0.052795697,1.0571826,-0.34389576,0.05566374,0.5119422,-0.10370357,-0.15041862,0.45385057,-0.35002407,-0.076231,1.1834091,-0.28737286,0.083318144,0.10811618,-0.2570322,-0.08117638,0.05216469,-0.45324904,-0.08025891,1.2360218,-0.26766512,0.14100137,0.051239282,-0.140054,-0.17074312,0.01501555,-0.34026572,-0.08027743,1.4499079,-0.24370682,-0.009684097,1.3486195,-0.24372375,-0.15877292,1.3547033,-0.27338645,-0.10179146,1.5156627,-0.17535226,0.11206642,1.355704,-0.19763422,-0.2746637,1.3560138,-0.29396072,0.18459594,1.1232358,-0.24179202,-0.3163549,1.1115549,-0.368087,0.20085454,0.88965255,-0.12031002,-0.37271827,0.8620228,-0.2896485
frame_098,-0.070100784,0.9330783,-0.27956706,-0.010968905,0.85363704,-0.26898316,-0.12072893,0.8428019,-0.31051385,-0.06663236,1.0578716,-0.32368672,0.020869404,0.51346314,-0.08039139,-0.15295553,0.45424828,-0.34216574,-0.09130412,1.184231,-0.26810938,0.015723579,0.09101529,-0.17597622,-0.081314355,0.05673387,-0.4527567,-0.095612384,1.2373174,-0.24905819,0.06014526,0.0480823,-0.05407138,-0.17110693,0.017516531,-0.34028426,-0.09445298,1.4519694,-0.22749375,-0.024142176,1.3504366,-0.22757201,-0.1739214,1.3559526,-0.25589147,-0.11496945,1.5199652,-0.16180605,0.09929012,1.3610111,-0.1847992,-0.28982776,1.3579764,-0.2766624,0.16950192,1.1295578,-0.23579948,-0.33100694,1.1109277,-0.35186547,0.1910288,0.88955575,-0.1182546,-0.38705015,0.8630392,-0.2709751
frame_099,-0.08378779,0.930708,-0.2563928,-0.025637101,0.85148984,-0.243797,-0.13321282,0.8400337,-0.29010808,-0.07881497,1.0555418,-0.30073488,-0.014806263,0.5098033,-0.053393915,-0.1543149,0.4528795,-0.33822623,-0.10358397,1.1826017,-0.24625926,-0.051434077,0.07969196,-0.07230659,-0.0794945,0.060215823,-0.46337947,-0.108014934,1.2362214,-0.22840303,-0.02732274,0.051796958,0.058320522,-0.17052475,0.017483,-0.35192585,-0.10720159,1.4512672,-0.2065872,-0.036353886,1.3500443,-0.20679876,-0.18663822,1.3544885,-0.23478174,-0.12596682,1.5217664,-0.1435349,0.088773005,1.3619391,-0.16840145,-0.30233777,1.3558072,-0.25671622,0.15942469,1.1336662,-0.23105612,-0.34283754,1.1088686,-0.33029047,0.1872111,0.8908617,-0.11967173,-0.39921838,0.8613959,-0.24433911
frame_100,-0.09748428,0.9261579,-0.2295344,-0.03890011,0.846574,-0.21604195,-0.14488184,0.83552265,-0.26636964,-0.09075678,1.0508777,-0.2719152,-0.047101375,0.50150716,-0.031185597,-0.1587596,0.44872716,-0.33301547,-0.11751066,1.1793113,-0.21972658,-0.11002183,0.074812874,0.011536002,-0.07487728,0.06193771,-0.47072944,-0.122062996,1.2334187,-0.20251861,-0.099875994,0.061583467,0.14767386,-0.16810827,0.016412199,-0.36415362,-0.11911804,1.4495949,-0.18105206,-0.04971306,1.3473294,-0.181657,-0.19869551,1.3519965,-0.20980053,-0.13839684,1.5213003,-0.11884451,0.07645512,1.361068,-0.14348848,-0.31289774,1.3554862,-0.23201834,0.14821464,1.133333,-0.21174252,-0.3549752,1.1088259,-0.30461755,0.17541012,0.88401604,-0.10714016,-0.40606433,0.86031455,-0.21230005
frame_101,-0.111630045,0.9205185,-0.19813614,-0.054097842,0.8393795,-0.18508606,-0.1592031,0.8301361,-0.23489973,-0.10360867,1.0441792,-0.2386367,-0.06837239,0.49001944,-0.009971201,-0.16617814,0.4457747,-0.31334797,-0.12802856,1.1750041,-0.19179815,-0.13846388,0.07177295,0.059270427,-0.07304056,0.064709246,-0.46378583,-0.13198411,1.2298571,-0.17576948,-0.13340576,0.065236814,0.19820084,-0.16446878,0.019350478,-0.35287392,-0.12690838,1.447975,-0.15698493,-0.058847483,1.344666,-0.15792127,-0.2068404,1.3508276,-0.18428935,-0.14551942,1.5232409,-0.0940625,0.06672179,1.3606257,-0.1226737,-0.32137215,1.3567269,-0.20432788,0.13779888,1.1339109,-0.19404995,-0.36709985,1.1087774,-0.27324408,0.17104259,0.88298833,-0.09777098,-0.41406208,0.8607122,-0.17429352
frame_102,-0.12668753,0.9131946,-0.16198972,-0.06967017,0.83117837,-0.14830744,-0.1748934,0.82310796,-0.20129791,-0.115868434,1.0377408,-0.20147248,-0.08941853,0.4779329,0.025435746,-0.17789125,0.44421804,-0.29110223,-0.14007111,1.1698309,-0.15348276,-0.15066743,0.06190927,0.080250025,-0.078801796,0.07105974,-0.4659758,-0.14392278,1.2245988,-0.13795555,-0.1456273,0.04862235,0.22084495,-0.1684358,0.020990679,-0.3575052,-0.13654798,1.4434115,-0.11928004,-0.06952131,1.3386846,-0.11899395,-0.21664694,1.3469355,-0.14713904,-0.15501243,1.5191606,-0.05582893,0.056322798,1.3543615,-0.08558418,-0.33251858,1.3566039,-0.16857217,0.12885183,1.1289865,-0.16260526,-0.3768513,1.1092377,-0.23890299,0.17157689,0.87751585,-0.07610266,-0.42348614,0.86476195,-0.139278
frame_103,-0.14263706,0.90954363,-0.12162359,-0.08472708,0.82612884,-0.10919401,-0.18971168,0.81855905,-0.16342919,-0.13222004,1.0354037,-0.15803677,-0.107579544,0.473818,0.070937976,-0.18882808,0.4432578,-0.25657856,-0.15326963,1.1679099,-0.11056807,-0.15958862,0.05256351,0.08894932,-0.08017966,0.08175033,-0.45436013,-0.1555539,1.2226387,-0.09532207,-0.15064177,0.02676437,0.2298914,-0.16906187,0.021762112,-0.34566605,-0.14471729,1.4416705,-0.07868849,-0.07926243,1.3352172,-0.078276426,-0.22647554,1.3469567,-0.10616957,-0.16315368,1.5190258,-0.016898736,0.046761796,1.349049,-0.049457096,-0.3432957,1.3591344,-0.12943484,0.114937946,1.1245323,-0.13037802,-0.39004105,1.1123619,-0.19906992,0.16549309,0.868794,-0.054767102,-0.44248998,0.8734107,-0.096420616
frame_104,-0.15801673,0.9110617,-0.07876525,-0.09964219,0.8286359,-0.06779214,-0.20383015,0.81991285,-0.11896394,-0.14909314,1.0379678,-0.11508983,-0.12116136,0.47467488,0.11178375,-0.20850442,0.44142067,-0.20380339,-0.16654165,1.1698326,-0.06912127,-0.16968441,0.050676014,0.09442315,-0.083349496,0.1094019,-0.43947965,-0.16734955,1.2249835,-0.054149218,-0.16163634,0.0160712,0.23709965,-0.15999854,0.027069706,-0.34282807,-0.15369529,1.4439381,-0.039945353,-0.089618824,1.3363754,-0.0396691,-0.23671448,1.3497126,-0.06491713,-0.1687237,1.5213633,0.02310662,0.03669876,1.3495775,-0.014140002,-0.35367808,1.364785,-0.08643173,0.09972863,1.1238834,-0.09362708,-0.40284634,1.1206666,-0.16051474,0.15082721,0.8651909,-0.019909766,-0.45867836,0.8821832,-0.05804058
frame_105,-0.17226732,0.9183721,-0.036489353,-0.115073696,0.8355558,-0.024625495,-0.21784347,0.8262268,-0.073210806,-0.16381654,1.0455441,-0.07524276,-0.1269722,0.47179037,0.13559003,-0.24720588,0.44349375,-0.12567419,-0.17759885,1.1775866,-0.03137726,-0.16723761,0.047832094,0.09196469,-0.101109184,0.14742757,-0.39478713,-0.17716269,1.232768,-0.015787024,-0.16078833,0.01187316,0.23466073,-0.1537819,0.03498506,-0.3195613,-0.1596684,1.450947,-0.0009971969,-0.09758588,1.3421763,-0.00055492297,-0.24448201,1.3586062,-0.026643034,-0.17450295,1.5258882,0.062096708,0.02910009,1.3496863,0.024330623,-0.36122596,1.3752304,-0.05085152,0.081855446,1.1199921,-0.05532846,-0.4101179,1.1318944,-0.12835953,0.12853536,0.86113614,0.01779174,-0.46636516,0.8935706,-0.026034966
frame_106,-0.18558392,0.92478764,0.00289626,-0.12863317,0.84054756,0.016722564,-0.23317987,0.8313018,-0.032219905,-0.17611052,1.0499297,-0.03933187,-0.13521531,0.46918252,0.14817916,-0.29800633,0.44651052,-0.040404078,-0.18658955,1.1828517,0.0048669255,-0.17067468,0.05181397,0.08041385,-0.13395348,0.19130519,-0.33312443,-0.18535708,1.2381324,0.020646911,-0.16218022,0.013851199,0.22616945,-0.17135409,0.053775497,-0.29114962,-0.16442753,1.4553955,0.03634352,-0.104251444,1.3452938,0.037330113,-0.2505614,1.3653766,0.0099522155,-0.18112792,1.5284827,0.09959241,0.021850392,1.3503731,0.0643035,-0.3654015,1.3842205,-0.01634936,0.070420295,1.1167068,-0.0131768435,-0.41269112,1.1415384,-0.093041204,0.11224723,0.8625151,0.06635969,-0.47318572,0.9021621,0.0073848567
frame_107,-0.19930269,0.92956275,0.039135087,-0.142989,0.84571046,0.05490278,-0.2487969,0.8376998,0.0038998313,-0.18807663,1.0541315,-0.0040457137,-0.14317423,0.468797,0.16083412,-0.35000533,0.45841795,0.03482779,-0.19696362,1.188224,0.038658738,-0.16743588,0.054568134,0.06839947,-0.17642497,0.21417552,-0.25436926,-0.19424044,1.2436315,0.05458139,-0.1554066,0.014708336,0.21281557,-0.22249815,0.075386964,-0.22690667,-0.16826037,1.4606609,0.0712778,-0.11141733,1.3491546,0.07333352,-0.2562569,1.3727647,0.04173988,-0.18589145,1.5341989,0.13253015,0.012162849,1.3505825,0.107677266,-0.3696261,1.3930173,0.017082885,0.060379162,1.1133988,0.037227504,-0.4177966,1.1505023,-0.059447315,0.09015505,0.86150736,0.1282137,-0.48055875,0.91112113,0.043692023
frame_108,-0.2142015,0.93481934,0.07484375,-0.1578804,0.8515149,0.08833825,-0.26524892,0.84397286,0.040447958,-0.20317136,1.0598406,0.03188606,-0.14905538,0.46713948,0.17196554,-0.3806135,0.47868097,0.10690698,-0.21191871,1.1930826,0.0751516,-0.16858457,0.055391,0.06618108,-0.208234,0.20839347,-0.16848055,-0.20971744,1.2489425,0.09070836,-0.15591925,0.015111648,0.20963316,-0.27047062,0.0811996,-0.12895478,-0.1821229,1.4659892,0.10624394,-0.12579286,1.3539001,0.11054261,-0.26984778,1.3777026,0.07631198,-0.19864497,1.5423144,0.16539265,-0.0030924678,1.352076,0.14740272,-0.38211358,1.3962418,0.049756747,0.044398412,1.1128634,0.08528448,-0.4273824,1.1539611,-0.024975352,0.06448375,0.86884487,0.19377145,-0.49074876,0.91602564,0.07498813
frame_109,-0.22963862,0.9402068,0.110259704,-0.1739825,0.85595834,0.12189958,-0.2830367,0.85028243,0.07680525,-0.21796763,1.06527,0.067072526,-0.1540336,0.46872887,0.18422481,-0.40854597,0.49498582,0.1720309,-0.22633336,1.1985527,0.11073921,-0.16980249,0.05855675,0.06617233,-0.25112355,0.17375156,-0.068790145,-0.2242731,1.2538515,0.1256775,-0.15785368,0.016340818,0.20689757,-0.3280005,0.06430401,-0.0140587315,-0.19905469,1.4711194,0.14097947,-0.14119728,1.3595665,0.1459685,-0.2857815,1.3821517,0.10997472,-0.21719396,1.5479059,0.20037642,-0.018217728,1.3574432,0.1866569,-0.39812446,1.397667,0.08065018,0.026802495,1.1129907,0.13740678,-0.43473166,1.1543854,0.003343165,0.035027012,0.87985146,0.26191187,-0.5015848,0.9145796,0.096377954
frame_110,-0.24570101,0.9417553,0.14594993,-0.1908128,0.85695857,0.15675245,-0.30185822,0.85227835,0.11446005,-0.23399767,1.0660701,0.10162668,-0.16022314,0.46658117,0.19367328,-0.43727338,0.5066625,0.23157018,-0.24196553,1.1990119,0.1467442,-0.17207575,0.05940179,0.07060173,-0.32238588,0.13263166,0.047422208,-0.23998533,1.2548125,0.16223322,-0.16476607,0.013862222,0.20372544,-0.40955755,0.045756463,0.12005964,-0.21553856,1.4724857,0.17654823,-0.1576077,1.3613328,0.18290742,-0.30217975,1.3827133,0.1444341,-0.23718548,1.5481595,0.23676056,-0.036434293,1.3614689,0.22586931,-0.41324538,1.3974894,0.11078507,0.008268714,1.1155329,0.18847233,-0.44314975,1.1537216,0.027150072,0.009284496,0.88960016,0.32519034,-0.5131169,0.9084939,0.10787771
frame_111,-0.2630198,0.9393295,0.1823232,-0.20786794,0.8553181,0.19351816,-0.31949356,0.8505047,0.15172553,-0.25215128,1.0641998,0.13718535,-0.16400315,0.46287012,0.2007779,-0.46198824,0.51053065,0.28371617,-0.26004383,1.1977053,0.18121251,-0.16923586,0.059105944,0.06971165,-0.398381,0.101288095,0.18476442,-0.25946352,1.2535197,0.19661315,-0.16654468,0.013084441,0.20029233,-0.49643296,0.044296198,0.27015582,-0.23499325,1.4712884,0.2085943,-0.17657037,1.3601977,0.21826157,-0.32139817,1.3812757,0.1768349,-0.2594785,1.5450786,0.2700255,-0.05573353,1.3609377,0.26355106,-0.43125492,1.394389,0.13872147,-0.011140615,1.1139591,0.23697533,-0.45542204,1.1523643,0.052451417,-0.024382085,0.89682233,0.38361835,-0.5278126,0.9012284,0.11715343
frame_112,-0.28213486,0.93288046,0.22013684,-0.22628126,0.8489163,0.23141393,-0.33882383,0.8445153,0.18986301,-0.27306256,1.0574285,0.17545046,-0.17353971,0.45702168,0.21187156,-0.4748861,0.5053639,0.31884825,-0.28050515,1.1928697,0.21647288,-0.17310911,0.05845652,0.06798814,-0.47046968,0.087376,0.3153254,-0.28015292,1.2481859,0.23207028,-0.1721848,0.01288439,0.20153977,-0.5696918,0.060192917,0.4120995,-0.2574068,1.4659114,0.24497573,-0.19881177,1.354915,0.2558171,-0.34229204,1.376549,0.21137007,-0.28364614,1.5392717,0.30662438,-0.0804916,1.35721,0.3070891,-0.45076472,1.3900727,0.16966274,-0.03258784,1.1101967,0.28925642,-0.4696585,1.1489469,0.07697402,-0.057639584,0.9011009,0.43856758,-0.5412719,0.89520675,0.1317685
frame_113,-0.30395553,0.92393905,0.25992593,-0.24685133,0.8413685,0.27159557,-0.3591955,0.8352595,0.22826974,-0.29573968,1.0491545,0.21552299,-0.18973705,0.45159248,0.22849843,-0.48874146,0.49421343,0.3522039,-0.30575898,1.185331,0.2527166,-0.17875926,0.059950046,0.06965478,-0.52168834,0.08628157,0.42097384,-0.30671656,1.2412509,0.26728997,-0.18411794,0.013772517,0.20348208,-0.6237391,0.082716756,0.52468896,-0.28555536,1.4592865,0.27827692,-0.22632608,1.3480207,0.29128134,-0.36932355,1.369584,0.24336465,-0.3128486,1.5299135,0.34280735,-0.11035803,1.3522035,0.34711528,-0.4773386,1.3838956,0.20192589,-0.0577555,1.1072998,0.3347963,-0.4902231,1.1438112,0.104727656,-0.08865745,0.8993903,0.487145,-0.55735517,0.8845444,0.14669287
frame_114,-0.32874244,0.9138423,0.3014951,-0.27096367,0.8307754,0.3105737,-0.3833922,0.82469755,0.27185524,-0.3228661,1.0388566,0.2567601,-0.20579535,0.44675243,0.2593014,-0.51406014,0.48519576,0.40276048,-0.33506528,1.1742201,0.29216656,-0.17744568,0.064246066,0.081539586,-0.5454683,0.07941379,0.47537753,-0.33729908,1.2300798,0.3062076,-0.18087734,0.013111461,0.21469635,-0.64368176,0.078003034,0.5836152,-0.3203524,1.4484651,0.31454054,-0.2595956,1.3389848,0.32750332,-0.40195498,1.3566884,0.28236046,-0.34628314,1.5192641,0.38030434,-0.14306143,1.3490894,0.38298082,-0.50948334,1.3713006,0.24085723,-0.080219954,1.1067942,0.37378326,-0.51775634,1.1354941,0.13883522,-0.11113255,0.9008896,0.5258696,-0.58341014,0.87000346,0.17174982
frame_115,-0.3568983,0.9062029,0.3452521,-0.30064255,0.8211992,0.35157993,-0.4128796,0.8168032,0.31643015,-0.3505009,1.031511,0.30177516,-0.22634079,0.43877736,0.29535925,-0.5447128,0.48145506,0.45757738,-0.36513075,1.1675506,0.3346033,-0.17317459,0.078245476,0.090801954,-0.55206335,0.072876506,0.49968237,-0.36760628,1.223554,0.34815142,-0.17792946,0.016024213,0.21970339,-0.64981914,0.05052596,0.6041279,-0.3528328,1.4414295,0.3539022,-0.29079857,1.3344654,0.36715773,-0.43384793,1.3466575,0.32398176,-0.37778905,1.5101316,0.42096838,-0.17445369,1.3480119,0.42197806,-0.5415606,1.3565476,0.283154,-0.1066806,1.1082197,0.40305144,-0.54695463,1.1230031,0.18069154,-0.12837665,0.8939205,0.5539262,-0.61308527,0.85510826,0.2030026
frame_116,-0.3879472,0.9042823,0.39127734,-0.3329416,0.8193785,0.39796248,-0.44521242,0.81687903,0.36381653,-0.37976104,1.0302544,0.34667373,-0.26169035,0.43405175,0.343098,-0.57395834,0.4840311,0.5145487,-0.3945233,1.1657928,0.37560448,-0.18301088,0.1031696,0.103746474,-0.5520687,0.06557511,0.51263297,-0.39852372,1.2219571,0.3882864,-0.18528506,0.021381438,0.22291678,-0.6478117,0.027063778,0.6158934,-0.38811567,1.4397851,0.3902046,-0.32330453,1.3340099,0.40550143,-0.46695822,1.34413,0.36077628,-0.4105128,1.5075368,0.45752826,-0.20425126,1.347124,0.45934674,-0.5761568,1.3498898,0.3217147,-0.1347444,1.1110775,0.43180394,-0.5783881,1.1143014,0.2222031,-0.1475285,0.8868092,0.58003736,-0.64248145,0.84474957,0.23977162
frame_117,-0.41850668,0.9086202,0.43662187,-0.36618134,0.8228874,0.44642004,-0.47656327,0.82105166,0.41101873,-0.40791917,1.033613,0.3886308,-0.2963277,0.43558508,0.42482707,-0.59748584,0.48066327,0.5572035,-0.42490235,1.1694548,0.4177328,-0.2010494,0.14477962,0.13966027,-0.5541841,0.063204415,0.52137464,-0.43029132,1.2257841,0.43006858,-0.18372208,0.03626166,0.2274895,-0.6470878,0.01999777,0.6237799,-0.42430004,1.4443197,0.4289577,-0.3571307,1.3397276,0.44611466,-0.5013685,1.3467797,0.4009966,-0.44533268,1.5118202,0.4947506,-0.23590106,1.3544786,0.49656773,-0.6114008,1.3500909,0.3632843,-0.16644737,1.1206237,0.45792073,-0.61141527,1.1107609,0.2678225,-0.1615654,0.88106066,0.59915394,-0.6759064,0.84053934,0.28397927
frame_118,-0.4457942,0.9166382,0.47946274,-0.39520773,0.83029026,0.4894401,-0.5040041,0.82883054,0.45582783,-0.43612796,1.0400195,0.4305366,-0.33565336,0.44314155,0.5213738,-0.6110573,0.47597706,0.58401513,-0.4521051,1.1765774,0.45976818,-0.22995996,0.1896745,0.19571993,-0.55161417,0.05936276,0.5357459,-0.4570512,1.2327785,0.471487,-0.19581029,0.06322572,0.24973172,-0.64159375,0.015065882,0.63935345,-0.45521224,1.4516777,0.4688134,-0.3858768,1.3478292,0.48416194,-0.5314953,1.3532538,0.4439066,-0.47262135,1.5203558,0.53444743,-0.26356164,1.3623825,0.5272267,-0.6430319,1.3550273,0.40952417,-0.2005604,1.1281446,0.48365262,-0.6402917,1.1156204,0.32031387,-0.18754494,0.88513297,0.61329174,-0.708888,0.8489515,0.3386162
frame_119,-0.46922657,0.92400837,0.520886,-0.41780773,0.8389496,0.5314606,-0.526103,0.8358404,0.49862593,-0.45794824,1.0466964,0.47071758,-0.37300295,0.45995116,0.61876297,-0.61372447,0.47354704,0.59699,-0.472876,1.1821868,0.50280225,-0.28261775,0.22043163,0.27680832,-0.5532607,0.056925856,0.5395807,-0.47814563,1.2378446,0.51441276,-0.2380791,0.09289255,0.32261676,-0.6394899,0.011206329,0.6453019,-0.48158523,1.4563843,0.5122467,-0.4089832,1.3543208,0.5254976,-0.5554292,1.35632,0.48891076,-0.49773496,1.5239793,0.57857436,-0.2852883,1.3680103,0.56227136,-0.6672194,1.3566861,0.4589747,-0.22568771,1.1354619,0.50898355,-0.6680984,1.1170232,0.3699953,-0.20379257,0.8878306,0.62615764,-0.7323884,0.8543255,0.40651837
frame_120,-0.48996925,0.93231285,0.56202614,-0.43797645,0.8476985,0.5720235,-0.54702014,0.84406275,0.5407437,-0.4778986,1.0543716,0.5119855,-0.40353298,0.47855213,0.7050855,-0.61794764,0.46936128,0.6034641,-0.49132925,1.1894252,0.54507625,-0.3397169,0.21360773,0.3723126,-0.55810606,0.055628818,0.5309814,-0.49627402,1.2450953,0.5570226,-0.2943914,0.094924204,0.43357867,-0.6389806,0.010092571,0.64036787,-0.50133276,1.4638569,0.5568977,-0.42722607,1.3622261,0.5665951,-0.5748287,1.3636186,0.53511596,-0.5159881,1.5304683,0.62443775,-0.30179662,1.3734416,0.5965722,-0.6871707,1.3627201,0.51146173,-0.24676205,1.1417067,0.5339068,-0.6953975,1.1208136,0.42923284,-0.21989644,0.8898505,0.6376003,-0.75721747,0.86097217,0.48410034
frame_121,-0.5081022,0.9383067,0.60233444,-0.45428208,0.8542104,0.6117463,-0.5657095,0.8496977,0.5819029,-0.49686763,1.0595272,0.5517074,-0.4355248,0.49468955,0.7758087,-0.6202387,0.46587685,0.6109057,-0.5094994,1.1947553,0.5871505,-0.40491533,0.17312953,0.4928788,-0.5587286,0.054805044,0.5292036,-0.51352483,1.2502697,0.5995479,-0.35795355,0.07267412,0.57892746,-0.64024234,0.011897739,0.6442444,-0.5172264,1.4689109,0.59897393,-0.44400644,1.3669504,0.6059338,-0.5917614,1.3691401,0.5814769,-0.53160864,1.5359408,0.6673236,-0.31692088,1.3769867,0.62848073,-0.7052947,1.368276,0.5612506,-0.26478553,1.1449523,0.5578219,-0.72085035,1.1242986,0.49084616,-0.23253712,0.8921944,0.6590598,-0.78152657,0.8738176,0.5687668
frame_122,-0.5243878,0.9399336,0.6426734,-0.46978503,0.8568157,0.65401673,-0.58123857,0.85185814,0.6197086,-0.5137619,1.0622134,0.5922982,-0.45775384,0.5084715,0.8398913,-0.62281716,0.46170396,0.61985075,-0.5274067,1.197361,0.62979424,-0.46482956,0.12502937,0.6404295,-0.5608951,0.05688098,0.5259694,-0.53086394,1.2527021,0.64249897,-0.42405567,0.050785188,0.74738216,-0.6440154,0.013530932,0.6419602,-0.5304789,1.4713141,0.6428948,-0.45938364,1.3685448,0.64759475,-0.60775065,1.3726317,0.6267406,-0.544506,1.538978,0.71007776,-0.33182177,1.3787637,0.66551316,-0.7223344,1.3732699,0.6094605,-0.28228325,1.147359,0.5876826,-0.7484038,1.124959,0.54762423,-0.24555251,0.8906175,0.68328685,-0.8054575,0.88070184,0.64709634
frame_123,-0.5396582,0.9366829,0.683994,-0.48477826,0.85349774,0.6956852,-0.59650046,0.84861803,0.65955734,-0.52956223,1.0590335,0.6341535,-0.4758259,0.5070767,0.88175774,-0.6306031,0.46379897,0.6373073,-0.5407923,1.1933948,0.673344,-0.52184695,0.08628768,0.79636127,-0.5670963,0.061446983,0.530417,-0.54313296,1.2489095,0.6859311,-0.4811208,0.04224602,0.9207844,-0.651641,0.015219044,0.64724547,-0.53891736,1.466891,0.68571657,-0.469219,1.3628665,0.68900245,-0.61852443,1.3697387,0.6724988,-0.5509606,1.5363533,0.75117797,-0.34041566,1.3708894,0.69956803,-0.73476446,1.3715559,0.6577563,-0.29459113,1.1384809,0.62232345,-0.7737076,1.1212109,0.6079924,-0.25527823,0.8834419,0.7194621,-0.82906723,0.88274664,0.7268939
frame_124,-0.55366665,0.93072253,0.7271547,-0.49777722,0.8474414,0.7378357,-0.61107147,0.84331894,0.7019241,-0.541969,1.0530905,0.67831606,-0.5006097,0.49569026,0.91634876,-0.639572,0.4600395,0.65647346,-0.5524686,1.1873114,0.7182217,-0.5755683,0.074074835,0.9374297,-0.5693345,0.06483986,0.53029144,-0.553776,1.2428695,0.73090005,-0.53570706,0.055411234,1.0697591,-0.6540349,0.015681375,0.64586633,-0.5461937,1.4608192,0.7312551,-0.47755137,1.3557458,0.73210484,-0.6281803,1.3639785,0.7197135,-0.5555221,1.5325444,0.7971006,-0.34770536,1.3632274,0.73991215,-0.74421763,1.3684533,0.7095017,-0.3061781,1.1301184,0.66210335,-0.793595,1.1164432,0.66733754,-0.26607823,0.8761856,0.7590185,-0.8454938,0.88629276,0.80176395
frame_125,-0.5666559,0.92376834,0.77293974,-0.51068825,0.8395239,0.7821156,-0.6243542,0.83609873,0.747067,-0.5539874,1.0456576,0.7261061,-0.5208151,0.48484483,0.9532697,-0.6463983,0.4561816,0.6868662,-0.56062955,1.18036,0.7651473,-0.6087772,0.07036507,1.0237458,-0.5659845,0.07114452,0.5323842,-0.56199574,1.236192,0.77689534,-0.56116235,0.064590186,1.1581444,-0.65019786,0.019041017,0.6452875,-0.5540266,1.4543769,0.7752911,-0.48436552,1.3485925,0.776416,-0.6360565,1.3578509,0.7659046,-0.56004024,1.5303189,0.8415139,-0.35421386,1.3544767,0.7788376,-0.7534038,1.3638687,0.7580298,-0.31734926,1.1205877,0.7069365,-0.8107935,1.1121464,0.72318983,-0.27564374,0.86976194,0.8030489,-0.8633387,0.8902146,0.8707255
frame_126,-0.57853955,0.9164282,0.82246614,-0.5223997,0.8312774,0.83185846,-0.63668025,0.82864213,0.7955262,-0.56416464,1.039231,0.77603436,-0.5345329,0.47549024,1.0017779,-0.6581313,0.45075732,0.73078305,-0.56849974,1.1743093,0.8142108,-0.617991,0.06304557,1.0530442,-0.56691355,0.085014224,0.53725374,-0.569642,1.2303367,0.8255599,-0.5670854,0.046804007,1.1860565,-0.6486591,0.021749679,0.643034,-0.56026244,1.4486854,0.82227945,-0.49077088,1.3417882,0.8244498,-0.64283514,1.3524688,0.81381834,-0.56278557,1.52529,0.88799894,-0.36114037,1.3462404,0.82472366,-0.76082927,1.3603057,0.8067023,-0.325293,1.1098752,0.75529915,-0.82275504,1.1089983,0.7773124,-0.2803372,0.8619912,0.8475354,-0.87803996,0.8950676,0.9283035
frame_127,-0.5880075,0.91323435,0.8746683,-0.5315371,0.8283983,0.88549536,-0.64553744,0.8258135,0.84771806,-0.5753982,1.0366879,0.8288512,-0.5431979,0.47030938,1.0574431,-0.68284833,0.44929805,0.79059833,-0.5766553,1.1724118,0.86338437,-0.62214243,0.054543894,1.0760342,-0.5830015,0.11577831,0.55395067,-0.5750122,1.2280875,0.8753158,-0.57343704,0.023382138,1.2096868,-0.6504278,0.026208954,0.65288395,-0.55675614,1.445673,0.86815345,-0.4925933,1.3362508,0.87082,-0.64359933,1.3528327,0.86154056,-0.5558319,1.5215151,0.93330616,-0.36349642,1.3356006,0.8724807,-0.76066875,1.3624563,0.8553387,-0.33491218,1.1000578,0.8088698,-0.8249968,1.1117178,0.8304141,-0.29051498,0.84849894,0.891894,-0.8821351,0.89639586,0.98141056
frame_128,-0.59388876,0.91617435,0.9265379,-0.5379537,0.831141,0.9362209,-0.65079784,0.8276043,0.9016463,-0.58261555,1.0393192,0.88022417,-0.5514919,0.46781254,1.0987877,-0.71467376,0.45455188,0.87870693,-0.5820813,1.1755813,0.9130017,-0.6300088,0.05503452,1.0755606,-0.59644896,0.16292262,0.5975579,-0.5787696,1.2316251,0.92463624,-0.58341986,0.016497009,1.210249,-0.6425281,0.038396038,0.67360836,-0.5549634,1.4489357,0.91312087,-0.49402547,1.337099,0.9161254,-0.64438516,1.3581425,0.9113077,-0.5503054,1.5269336,0.9760658,-0.3659507,1.3355918,0.91766196,-0.7608497,1.3728857,0.9058012,-0.34483376,1.0944817,0.8613204,-0.8234192,1.123631,0.87632155,-0.30013603,0.8425445,0.9429543,-0.88100773,0.9029071,1.0217342
frame_129,-0.59798634,0.92080116,0.9749475,-0.5432557,0.83449256,0.98245966,-0.65625656,0.8313758,0.95261574,-0.58785915,1.0431201,0.9283794,-0.55430484,0.4696325,1.1281762,-0.74189574,0.4606514,0.9775766,-0.5838526,1.1794546,0.96285766,-0.62870836,0.058551837,1.0750686,-0.6178725,0.2053071,0.6603005,-0.57973796,1.2353036,0.973975,-0.5786362,0.01829487,1.2035885,-0.6488842,0.05635185,0.69743884,-0.55474555,1.4510287,0.96364045,-0.49470982,1.3392127,0.9648066,-0.6447765,1.3623705,0.9632308,-0.5484196,1.5278822,1.0239019,-0.36651468,1.3329297,0.96059144,-0.7613175,1.3771654,0.9577826,-0.3490413,1.0911195,0.9068575,-0.81968164,1.1294671,0.92016196,-0.30419633,0.8414808,0.98872304,-0.87284696,0.90232736,1.0563859
frame_130,-0.60258144,0.92529535,1.0189148,-0.54850954,0.8397553,1.0241599,-0.6606737,0.8371927,1.0004745,-0.5933513,1.0456423,0.9682388,-0.56085056,0.4677872,1.1524464,-0.7643991,0.46703643,1.0728484,-0.5862591,1.1797749,1.0051231,-0.64432186,0.0609917,1.0784584,-0.64269423,0.23013759,0.7411679,-0.5819062,1.236399,1.019008,-0.5911983,0.018196562,1.1989311,-0.69055974,0.08804315,0.7600069,-0.5560558,1.4528502,1.0096946,-0.49517864,1.3394284,1.0102221,-0.64622474,1.3643705,1.0077273,-0.55008227,1.5326601,1.0716665,-0.36700678,1.3306193,1.0086191,-0.76178193,1.3792468,1.0059621,-0.35235733,1.0885826,0.9535824,-0.8188515,1.1327649,0.96097755,-0.31327397,0.84135526,1.0432367,-0.87670535,0.90128464,1.0926377
frame_131,-0.60766256,0.9283697,1.0600954,-0.55340993,0.8427828,1.0607202,-0.6661818,0.8398222,1.0460776,-0.6008188,1.0487843,1.0111147,-0.5573767,0.46863955,1.1693093,-0.7670293,0.4731302,1.1537477,-0.5937196,1.1821473,1.0497812,-0.6409451,0.059697047,1.088917,-0.68606144,0.22774118,0.8210194,-0.5910025,1.2379953,1.06375,-0.5947701,0.016318657,1.2073371,-0.748337,0.09584901,0.85179,-0.5662318,1.453692,1.0565441,-0.5032405,1.3415036,1.0543679,-0.6556379,1.3644594,1.0558159,-0.5599194,1.5317807,1.121075,-0.37414676,1.3334364,1.0512455,-0.77309716,1.3774438,1.0574162,-0.35741082,1.0918684,0.9938511,-0.8271176,1.1344427,1.0077724,-0.32074764,0.8526466,1.1029316,-0.87687933,0.9001281,1.1285297
